NUTS_ID,CNTR_CODE,NAME_LATN,NUTS_NAME
DE149,DE,Sigmaringen,Sigmaringen
DE211,DE,"Ingolstadt, Kreisfreie Stadt","Ingolstadt, Kreisfreie Stadt"
DE212,DE,"München, Kreisfreie Stadt","München, Kreisfreie Stadt"
DE213,DE,"Rosenheim, Kreisfreie Stadt","Rosenheim, Kreisfreie Stadt"
DE214,DE,Altötting,Altötting
DE215,DE,Berchtesgadener Land,Berchtesgadener Land
DE216,DE,Bad Tölz-Wolfratshausen,Bad Tölz-Wolfratshausen
DE217,DE,Dachau,Dachau
DE218,DE,Ebersberg,Ebersberg
DE219,DE,Eichstätt,Eichstätt
DE21A,DE,Erding,Erding
DE21B,DE,Freising,Freising
DE21C,DE,Fürstenfeldbruck,Fürstenfeldbruck
DE21D,DE,Garmisch-Partenkirchen,Garmisch-Partenkirchen
DE21E,DE,Landsberg am Lech,Landsberg am Lech
DE21F,DE,Miesbach,Miesbach
DE21G,DE,Mühldorf a. Inn,Mühldorf a. Inn
DE21H,DE,"München, Landkreis","München, Landkreis"
DE21I,DE,Neuburg-Schrobenhausen,Neuburg-Schrobenhausen
DE21J,DE,Pfaffenhofen a. d. Ilm,Pfaffenhofen a. d. Ilm
DE21K,DE,"Rosenheim, Landkreis","Rosenheim, Landkreis"
DE21L,DE,Starnberg,Starnberg
DE21M,DE,Traunstein,Traunstein
DE21N,DE,Weilheim-Schongau,Weilheim-Schongau
DE221,DE,"Landshut, Kreisfreie Stadt","Landshut, Kreisfreie Stadt"
DE222,DE,"Passau, Kreisfreie Stadt","Passau, Kreisfreie Stadt"
DE223,DE,"Straubing, Kreisfreie Stadt","Straubing, Kreisfreie Stadt"
DE224,DE,Deggendorf,Deggendorf
DE225,DE,Freyung-Grafenau,Freyung-Grafenau
DE226,DE,Kelheim,Kelheim
DE227,DE,"Landshut, Landkreis","Landshut, Landkreis"
DE228,DE,"Passau, Landkreis","Passau, Landkreis"
DE229,DE,Regen,Regen
DE22A,DE,Rottal-Inn,Rottal-Inn
DE22B,DE,Straubing-Bogen,Straubing-Bogen
DE22C,DE,Dingolfing-Landau,Dingolfing-Landau
DE231,DE,"Amberg, Kreisfreie Stadt","Amberg, Kreisfreie Stadt"
DE232,DE,"Regensburg, Kreisfreie Stadt","Regensburg, Kreisfreie Stadt"
DE233,DE,"Weiden i. d. Opf, Kreisfreie Stadt","Weiden i. d. Opf, Kreisfreie Stadt"
DE234,DE,Amberg-Sulzbach,Amberg-Sulzbach
DE235,DE,Cham,Cham
DE236,DE,Neumarkt i. d. OPf.,Neumarkt i. d. OPf.
DE237,DE,Neustadt a. d. Waldnaab,Neustadt a. d. Waldnaab
DE238,DE,"Regensburg, Landkreis","Regensburg, Landkreis"
DEA34,DE,Borken,Borken
DEA35,DE,Coesfeld,Coesfeld
DEA36,DE,Recklinghausen,Recklinghausen
DEA37,DE,Steinfurt,Steinfurt
DEA38,DE,Warendorf,Warendorf
AL011,AL,Dibër,Dibër
AL012,AL,Durrës,Durrës
AL013,AL,Kukës,Kukës
AL014,AL,Lezhë,Lezhë
AL015,AL,Shkodër,Shkodër
AL021,AL,Elbasan,Elbasan
AL022,AL,Tiranë,Tiranë
AL031,AL,Berat,Berat
AL032,AL,Fier,Fier
AL033,AL,Gjirokastër,Gjirokastër
AL034,AL,Korcë,Korcë
AL035,AL,Vlorë,Vlorë
AT111,AT,Mittelburgenland,Mittelburgenland
AT112,AT,Nordburgenland,Nordburgenland
AT113,AT,Südburgenland,Südburgenland
AT121,AT,Mostviertel-Eisenwurzen,Mostviertel-Eisenwurzen
AT122,AT,Niederösterreich-Süd,Niederösterreich-Süd
AT123,AT,Sankt Pölten,Sankt Pölten
AT124,AT,Waldviertel,Waldviertel
AT125,AT,Weinviertel,Weinviertel
AT126,AT,Wiener Umland/Nordteil,Wiener Umland/Nordteil
AT127,AT,Wiener Umland/Südteil,Wiener Umland/Südteil
AT130,AT,Wien,Wien
AT211,AT,Klagenfurt-Villach,Klagenfurt-Villach
AT212,AT,Oberkärnten,Oberkärnten
AT213,AT,Unterkärnten,Unterkärnten
AT221,AT,Graz,Graz
AT222,AT,Liezen,Liezen
AT223,AT,Östliche Obersteiermark,Östliche Obersteiermark
AT224,AT,Oststeiermark,Oststeiermark
AT225,AT,West- und Südsteiermark,West- und Südsteiermark
AT226,AT,Westliche Obersteiermark,Westliche Obersteiermark
AT311,AT,Innviertel,Innviertel
AT312,AT,Linz-Wels,Linz-Wels
AT313,AT,Mühlviertel,Mühlviertel
AT314,AT,Steyr-Kirchdorf,Steyr-Kirchdorf
AT315,AT,Traunviertel,Traunviertel
AT321,AT,Lungau,Lungau
AT322,AT,Pinzgau-Pongau,Pinzgau-Pongau
AT323,AT,Salzburg und Umgebung,Salzburg und Umgebung
AT331,AT,Außerfern,Außerfern
AT332,AT,Innsbruck,Innsbruck
AT333,AT,Osttirol,Osttirol
AT334,AT,Tiroler Oberland,Tiroler Oberland
AT335,AT,Tiroler Unterland,Tiroler Unterland
AT341,AT,Bludenz-Bregenzer Wald,Bludenz-Bregenzer Wald
AT342,AT,Rheintal-Bodenseegebiet,Rheintal-Bodenseegebiet
BE100,BE,Arr. de Bruxelles-Capitale/Arr. Brussel-Hoofdstad,Arr. de Bruxelles-Capitale/Arr. Brussel-Hoofdstad
BE211,BE,Arr. Antwerpen,Arr. Antwerpen
BE212,BE,Arr. Mechelen,Arr. Mechelen
BE213,BE,Arr. Turnhout,Arr. Turnhout
BE224,BE,Arr. Hasselt,Arr. Hasselt
BE225,BE,Arr. Maaseik,Arr. Maaseik
BE223,BE,Arr. Tongeren,Arr. Tongeren
BE231,BE,Arr. Aalst,Arr. Aalst
BE232,BE,Arr. Dendermonde,Arr. Dendermonde
BE233,BE,Arr. Eeklo,Arr. Eeklo
BE234,BE,Arr. Gent,Arr. Gent
BE235,BE,Arr. Oudenaarde,Arr. Oudenaarde
BE236,BE,Arr. Sint-Niklaas,Arr. Sint-Niklaas
BE241,BE,Arr. Halle-Vilvoorde,Arr. Halle-Vilvoorde
BE242,BE,Arr. Leuven,Arr. Leuven
BE251,BE,Arr. Brugge,Arr. Brugge
BE252,BE,Arr. Diksmuide,Arr. Diksmuide
BE253,BE,Arr. Ieper,Arr. Ieper
BE254,BE,Arr. Kortrijk,Arr. Kortrijk
BE255,BE,Arr. Oostende,Arr. Oostende
BE256,BE,Arr. Roeselare,Arr. Roeselare
BE257,BE,Arr. Tielt,Arr. Tielt
BE258,BE,Arr. Veurne,Arr. Veurne
BE310,BE,Arr. Nivelles,Arr. Nivelles
BE32A,BE,Arr. Ath,Arr. Ath
BE32B,BE,Arr. Charleroi,Arr. Charleroi
BE323,BE,Arr. Mons,Arr. Mons
BE328,BE,Arr. Tournai-Mouscron,Arr. Tournai-Mouscron
BE32C,BE,Arr. Soignies,Arr. Soignies
BE32D,BE,Arr. Thuin,Arr. Thuin
BE331,BE,Arr. Huy,Arr. Huy
BE332,BE,Arr. Liège,Arr. Liège
BE334,BE,Arr. Waremme,Arr. Waremme
BE335,BE,Arr. Verviers — communes francophones,Arr. Verviers — communes francophones
BE336,BE,Bezirk Verviers — Deutschsprachige Gemeinschaft,Bezirk Verviers — Deutschsprachige Gemeinschaft
BE341,BE,Arr. Arlon,Arr. Arlon
BE342,BE,Arr. Bastogne,Arr. Bastogne
BE343,BE,Arr. Marche-en-Famenne,Arr. Marche-en-Famenne
BE344,BE,Arr. Neufchâteau,Arr. Neufchâteau
BE345,BE,Arr. Virton,Arr. Virton
BE351,BE,Arr. Dinant,Arr. Dinant
BE352,BE,Arr. Namur,Arr. Namur
BE353,BE,Arr. Philippeville,Arr. Philippeville
BG311,BG,Vidin,Видин
BG312,BG,Montana,Монтана
BG313,BG,Vratsa,Враца
BG314,BG,Pleven,Плевен
BG315,BG,Lovech,Ловеч
BG321,BG,Veliko Tarnovo,Велико Търново
BG322,BG,Gabrovo,Габрово
BG323,BG,Ruse,Русе
BG324,BG,Razgrad,Разград
BG325,BG,Silistra,Силистра
BG331,BG,Varna,Варна
BG332,BG,Dobrich,Добрич
BG333,BG,Shumen,Шумен
BG341,BG,Burgas,Бургас
DE736,DE,Waldeck-Frankenberg,Waldeck-Frankenberg
DE737,DE,Werra-Meißner-Kreis,Werra-Meißner-Kreis
BG342,BG,Sliven,Сливен
BG343,BG,Yambol,Ямбол
BG344,BG,Stara Zagora,Стара Загора
BG411,BG,Sofia (stolitsa),София (столица)
BG412,BG,Sofia,София
BG413,BG,Blagoevgrad,Благоевград
BG414,BG,Pernik,Перник
BG415,BG,Kyustendil,Кюстендил
BG421,BG,Plovdiv,Пловдив
BG422,BG,Haskovo,Хасково
BG423,BG,Pazardzhik,Пазарджик
BG424,BG,Smolyan,Смолян
BG425,BG,Kardzhali,Кърджали
CH011,CH,Vaud,Vaud
CH012,CH,Valais,Valais
CH013,CH,Genève,Genève
CH021,CH,Bern,Bern
CH022,CH,Freiburg,Freiburg
CH023,CH,Solothurn,Solothurn
CH024,CH,Neuchâtel,Neuchâtel
CH025,CH,Jura,Jura
CH031,CH,Basel-Stadt,Basel-Stadt
CH032,CH,Basel-Landschaft,Basel-Landschaft
CH033,CH,Aargau,Aargau
CH040,CH,Zürich,Zürich
CH051,CH,Glarus,Glarus
CH052,CH,Schaffhausen,Schaffhausen
CH053,CH,Appenzell Ausserrhoden,Appenzell Ausserrhoden
CH054,CH,Appenzell Innerrhoden,Appenzell Innerrhoden
CH055,CH,St. Gallen,St. Gallen
CH056,CH,Graubünden,Graubünden
CH057,CH,Thurgau,Thurgau
CH061,CH,Luzern,Luzern
CH062,CH,Uri,Uri
CH063,CH,Schwyz,Schwyz
CH064,CH,Obwalden,Obwalden
CH065,CH,Nidwalden,Nidwalden
CH066,CH,Zug,Zug
CH070,CH,Ticino,Ticino
CY000,CY,Kýpros,Κύπρος
CZ010,CZ,Hlavní město Praha,Hlavní město Praha
CZ020,CZ,Středočeský kraj,Středočeský kraj
CZ031,CZ,Jihočeský kraj,Jihočeský kraj
CZ032,CZ,Plzeňský kraj,Plzeňský kraj
CZ041,CZ,Karlovarský kraj,Karlovarský kraj
CZ042,CZ,Ústecký kraj,Ústecký kraj
CZ051,CZ,Liberecký kraj,Liberecký kraj
CZ052,CZ,Královéhradecký kraj,Královéhradecký kraj
CZ053,CZ,Pardubický kraj,Pardubický kraj
CZ063,CZ,Kraj Vysočina,Kraj Vysočina
CZ064,CZ,Jihomoravský kraj,Jihomoravský kraj
CZ071,CZ,Olomoucký kraj,Olomoucký kraj
CZ072,CZ,Zlínský kraj,Zlínský kraj
CZ080,CZ,Moravskoslezský kraj,Moravskoslezský kraj
DE111,DE,"Stuttgart, Stadtkreis","Stuttgart, Stadtkreis"
DE112,DE,Böblingen,Böblingen
DE113,DE,Esslingen,Esslingen
DE114,DE,Göppingen,Göppingen
DE115,DE,Ludwigsburg,Ludwigsburg
DE116,DE,Rems-Murr-Kreis,Rems-Murr-Kreis
DE117,DE,"Heilbronn, Stadtkreis","Heilbronn, Stadtkreis"
DE118,DE,"Heilbronn, Landkreis","Heilbronn, Landkreis"
DE119,DE,Hohenlohekreis,Hohenlohekreis
DE11A,DE,Schwäbisch Hall,Schwäbisch Hall
DE11B,DE,Main-Tauber-Kreis,Main-Tauber-Kreis
DE11C,DE,Heidenheim,Heidenheim
DE11D,DE,Ostalbkreis,Ostalbkreis
DE121,DE,"Baden-Baden, Stadtkreis","Baden-Baden, Stadtkreis"
DE122,DE,"Karlsruhe, Stadtkreis","Karlsruhe, Stadtkreis"
DE123,DE,"Karlsruhe, Landkreis","Karlsruhe, Landkreis"
DE124,DE,Rastatt,Rastatt
DE125,DE,"Heidelberg, Stadtkreis","Heidelberg, Stadtkreis"
DE126,DE,"Mannheim, Stadtkreis","Mannheim, Stadtkreis"
DE127,DE,Neckar-Odenwald-Kreis,Neckar-Odenwald-Kreis
DE128,DE,Rhein-Neckar-Kreis,Rhein-Neckar-Kreis
DE129,DE,"Pforzheim, Stadtkreis","Pforzheim, Stadtkreis"
DE12A,DE,Calw,Calw
DE12B,DE,Enzkreis,Enzkreis
DE12C,DE,Freudenstadt,Freudenstadt
DE131,DE,"Freiburg im Breisgau, Stadtkreis","Freiburg im Breisgau, Stadtkreis"
DE132,DE,Breisgau-Hochschwarzwald,Breisgau-Hochschwarzwald
DE133,DE,Emmendingen,Emmendingen
DE134,DE,Ortenaukreis,Ortenaukreis
DE135,DE,Rottweil,Rottweil
DE136,DE,Schwarzwald-Baar-Kreis,Schwarzwald-Baar-Kreis
DE137,DE,Tuttlingen,Tuttlingen
DE138,DE,Konstanz,Konstanz
DE139,DE,Lörrach,Lörrach
DE13A,DE,Waldshut,Waldshut
DE141,DE,Reutlingen,Reutlingen
DE142,DE,"Tübingen, Landkreis","Tübingen, Landkreis"
DE143,DE,Zollernalbkreis,Zollernalbkreis
DE144,DE,"Ulm, Stadtkreis","Ulm, Stadtkreis"
DE145,DE,Alb-Donau-Kreis,Alb-Donau-Kreis
DE146,DE,Biberach,Biberach
DE147,DE,Bodenseekreis,Bodenseekreis
DE148,DE,Ravensburg,Ravensburg
DEA44,DE,Höxter,Höxter
DEA45,DE,Lippe,Lippe
DEA46,DE,Minden-Lübbecke,Minden-Lübbecke
DEA47,DE,Paderborn,Paderborn
DEA51,DE,"Bochum, Kreisfreie Stadt","Bochum, Kreisfreie Stadt"
DEA52,DE,"Dortmund, Kreisfreie Stadt","Dortmund, Kreisfreie Stadt"
DEA53,DE,"Hagen, Kreisfreie Stadt","Hagen, Kreisfreie Stadt"
DEA54,DE,"Hamm, Kreisfreie Stadt","Hamm, Kreisfreie Stadt"
DEA55,DE,"Herne, Kreisfreie Stadt","Herne, Kreisfreie Stadt"
DEA56,DE,Ennepe-Ruhr-Kreis,Ennepe-Ruhr-Kreis
DEA57,DE,Hochsauerlandkreis,Hochsauerlandkreis
DEA58,DE,Märkischer Kreis,Märkischer Kreis
DEA59,DE,Olpe,Olpe
DEA5A,DE,Siegen-Wittgenstein,Siegen-Wittgenstein
DEA5B,DE,Soest,Soest
DEA5C,DE,Unna,Unna
DEB11,DE,"Koblenz, Kreisfreie Stadt","Koblenz, Kreisfreie Stadt"
DEB12,DE,Ahrweiler,Ahrweiler
DEB13,DE,Altenkirchen (Westerwald),Altenkirchen (Westerwald)
DEB14,DE,Bad Kreuznach,Bad Kreuznach
DEB15,DE,Birkenfeld,Birkenfeld
DEB17,DE,Mayen-Koblenz,Mayen-Koblenz
DEB18,DE,Neuwied,Neuwied
DEB1A,DE,Rhein-Lahn-Kreis,Rhein-Lahn-Kreis
DEB1B,DE,Westerwaldkreis,Westerwaldkreis
DEB1C,DE,Cochem-Zell,Cochem-Zell
DEB1D,DE,Rhein-Hunsrück-Kreis,Rhein-Hunsrück-Kreis
DEB21,DE,"Trier, Kreisfreie Stadt","Trier, Kreisfreie Stadt"
DEB22,DE,Bernkastel-Wittlich,Bernkastel-Wittlich
DEB23,DE,Eifelkreis Bitburg-Prüm,Eifelkreis Bitburg-Prüm
DEB24,DE,Vulkaneifel,Vulkaneifel
DEB25,DE,Trier-Saarburg,Trier-Saarburg
DEB31,DE,"Frankenthal (Pfalz), Kreisfreie Stadt","Frankenthal (Pfalz), Kreisfreie Stadt"
DEB32,DE,"Kaiserslautern, Kreisfreie Stadt","Kaiserslautern, Kreisfreie Stadt"
DEB33,DE,"Landau in der Pfalz, Kreisfreie Stadt","Landau in der Pfalz, Kreisfreie Stadt"
DEB34,DE,"Ludwigshafen am Rhein, Kreisfreie Stadt","Ludwigshafen am Rhein, Kreisfreie Stadt"
DEB35,DE,"Mainz, Kreisfreie Stadt","Mainz, Kreisfreie Stadt"
DEB36,DE,"Neustadt an der Weinstraße, Kreisfreie Stadt","Neustadt an der Weinstraße, Kreisfreie Stadt"
DEB37,DE,"Pirmasens, Kreisfreie Stadt","Pirmasens, Kreisfreie Stadt"
DEB38,DE,"Speyer, Kreisfreie Stadt","Speyer, Kreisfreie Stadt"
DEB39,DE,"Worms, Kreisfreie Stadt","Worms, Kreisfreie Stadt"
DEB3A,DE,"Zweibrücken, Kreisfreie Stadt","Zweibrücken, Kreisfreie Stadt"
DEB3B,DE,Alzey-Worms,Alzey-Worms
DEB3C,DE,Bad Dürkheim,Bad Dürkheim
DEB3D,DE,Donnersbergkreis,Donnersbergkreis
BG334,BG,Targovishte,Търговище
DEB3H,DE,Südliche Weinstraße,Südliche Weinstraße
DEB3I,DE,Rhein-Pfalz-Kreis,Rhein-Pfalz-Kreis
DEB3J,DE,Mainz-Bingen,Mainz-Bingen
FRC11,FR,Côte-d’Or,Côte-d’Or
DE947,DE,Aurich,Aurich
DE948,DE,Cloppenburg,Cloppenburg
DE949,DE,Emsland,Emsland
DEG07,DE,Nordhausen,Nordhausen
DEG09,DE,Unstrut-Hainich-Kreis,Unstrut-Hainich-Kreis
DEG0A,DE,Kyffhäuserkreis,Kyffhäuserkreis
DEG0B,DE,Schmalkalden-Meiningen,Schmalkalden-Meiningen
DEG0C,DE,Gotha,Gotha
DEG0D,DE,Sömmerda,Sömmerda
DEG0E,DE,Hildburghausen,Hildburghausen
DEG0F,DE,Ilm-Kreis,Ilm-Kreis
DEG0G,DE,Weimarer Land,Weimarer Land
DEG0H,DE,Sonneberg,Sonneberg
DEG0I,DE,Saalfeld-Rudolstadt,Saalfeld-Rudolstadt
DEG0J,DE,Saale-Holzland-Kreis,Saale-Holzland-Kreis
DEG0K,DE,Saale-Orla-Kreis,Saale-Orla-Kreis
DEG0L,DE,Greiz,Greiz
DEG0M,DE,Altenburger Land,Altenburger Land
DEG0N,DE,"Eisenach, Kreisfreie Stadt","Eisenach, Kreisfreie Stadt"
DEG0P,DE,Wartburgkreis,Wartburgkreis
DK011,DK,Byen København,Byen København
DK012,DK,Københavns omegn,Københavns omegn
DK013,DK,Nordsjælland,Nordsjælland
DK014,DK,Bornholm,Bornholm
DK021,DK,Østsjælland,Østsjælland
DK022,DK,Vest- og Sydsjælland,Vest- og Sydsjælland
DK031,DK,Fyn,Fyn
DK032,DK,Sydjylland,Sydjylland
DK041,DK,Vestjylland,Vestjylland
DK042,DK,Østjylland,Østjylland
DK050,DK,Nordjylland,Nordjylland
EE001,EE,Põhja-Eesti,Põhja-Eesti
EE004,EE,Lääne-Eesti,Lääne-Eesti
EE009,EE,Kesk-Eesti,Kesk-Eesti
EE00A,EE,Kirde-Eesti,Kirde-Eesti
EE008,EE,Lõuna-Eesti,Lõuna-Eesti
EL301,EL,Voreios Tomeas Athinon,Βόρειος Τομέας Αθηνών
EL302,EL,Dytikos Tomeas Athinon,Δυτικός Τομέας Αθηνών
EL303,EL,Kentrikos Tomeas Athinon,Κεντρικός Τομέας Αθηνών
EL304,EL,Notios Tomeas Athinon,Νότιος Τομέας Αθηνών
EL305,EL,Anatoliki Attiki,Ανατολική Αττική
EL306,EL,Dytiki Attiki,Δυτική Αττική
EL307,EL,"Peiraias, Nisoi","Πειραιάς, Νήσοι"
EL411,EL,"Lesvos, Limnos","Λέσβος, Λήμνος"
EL412,EL,"Ikaria, Samos","Ικαρία, Σάμος"
DE239,DE,Schwandorf,Schwandorf
DE23A,DE,Tirschenreuth,Tirschenreuth
DE241,DE,"Bamberg, Kreisfreie Stadt","Bamberg, Kreisfreie Stadt"
DE242,DE,"Bayreuth, Kreisfreie Stadt","Bayreuth, Kreisfreie Stadt"
DE243,DE,"Coburg, Kreisfreie Stadt","Coburg, Kreisfreie Stadt"
DEB3K,DE,Südwestpfalz,Südwestpfalz
DEC01,DE,Regionalverband Saarbrücken,Regionalverband Saarbrücken
DEC02,DE,Merzig-Wadern,Merzig-Wadern
DEC03,DE,Neunkirchen,Neunkirchen
DEC04,DE,Saarlouis,Saarlouis
DEC05,DE,Saarpfalz-Kreis,Saarpfalz-Kreis
DEC06,DE,St. Wendel,St. Wendel
DED21,DE,"Dresden, Kreisfreie Stadt","Dresden, Kreisfreie Stadt"
DED2C,DE,Bautzen,Bautzen
DED2D,DE,Görlitz,Görlitz
DED2E,DE,Meißen,Meißen
DED2F,DE,Sächsische Schweiz-Osterzgebirge,Sächsische Schweiz-Osterzgebirge
DED41,DE,"Chemnitz, Kreisfreie Stadt","Chemnitz, Kreisfreie Stadt"
DED42,DE,Erzgebirgskreis,Erzgebirgskreis
DED43,DE,Mittelsachsen,Mittelsachsen
DED44,DE,Vogtlandkreis,Vogtlandkreis
DED45,DE,Zwickau,Zwickau
DED51,DE,"Leipzig, Kreisfreie Stadt","Leipzig, Kreisfreie Stadt"
DED52,DE,Leipzig,Leipzig
DED53,DE,Nordsachsen,Nordsachsen
DEE01,DE,"Dessau-Roßlau, Kreisfreie Stadt","Dessau-Roßlau, Kreisfreie Stadt"
DEE02,DE,"Halle (Saale), Kreisfreie Stadt","Halle (Saale), Kreisfreie Stadt"
DEE03,DE,"Magdeburg, Kreisfreie Stadt","Magdeburg, Kreisfreie Stadt"
DEE04,DE,Altmarkkreis Salzwedel,Altmarkkreis Salzwedel
DEE05,DE,Anhalt-Bitterfeld,Anhalt-Bitterfeld
DEE06,DE,Jerichower Land,Jerichower Land
DEE07,DE,Börde,Börde
DEE08,DE,Burgenlandkreis,Burgenlandkreis
DEE09,DE,Harz,Harz
DEE0A,DE,Mansfeld-Südharz,Mansfeld-Südharz
DEE0B,DE,Saalekreis,Saalekreis
DEE0C,DE,Salzlandkreis,Salzlandkreis
DEE0D,DE,Stendal,Stendal
DEE0E,DE,Wittenberg,Wittenberg
DEF01,DE,"Flensburg, Kreisfreie Stadt","Flensburg, Kreisfreie Stadt"
DEF02,DE,"Kiel, Kreisfreie Stadt","Kiel, Kreisfreie Stadt"
DEF03,DE,"Lübeck, Kreisfreie Stadt","Lübeck, Kreisfreie Stadt"
DEF04,DE,"Neumünster, Kreisfreie Stadt","Neumünster, Kreisfreie Stadt"
DEF05,DE,Dithmarschen,Dithmarschen
DEF06,DE,Herzogtum Lauenburg,Herzogtum Lauenburg
DEF07,DE,Nordfriesland,Nordfriesland
DEF08,DE,Ostholstein,Ostholstein
DEF09,DE,Pinneberg,Pinneberg
DEF0A,DE,Plön,Plön
DEF0B,DE,Rendsburg-Eckernförde,Rendsburg-Eckernförde
DEF0C,DE,Schleswig-Flensburg,Schleswig-Flensburg
DEF0D,DE,Segeberg,Segeberg
DEF0E,DE,Steinburg,Steinburg
EL413,EL,Chios,Χίος
EL421,EL,"Kalymnos, Karpathos, Kasos, Kos, Rodos","Κάλυμνος, Κάρπαθος – Ηρωική Νήσος Κάσος, Κως, Ρόδος"
EL422,EL,"Andros, Thira, Kea, Milos, Mykonos, Naxos, Paros,  Syros, Tinos","Άνδρος, Θήρα, Κέα, Μήλος, Μύκονος, Νάξος, Πάρος, Σύρος, Τήνος"
DE27A,DE,Lindau (Bodensee),Lindau (Bodensee)
DE27B,DE,Ostallgäu,Ostallgäu
DE27C,DE,Unterallgäu,Unterallgäu
DE27D,DE,Donau-Ries,Donau-Ries
DE27E,DE,Oberallgäu,Oberallgäu
DE300,DE,Berlin,Berlin
DE401,DE,"Brandenburg an der Havel, Kreisfreie Stadt","Brandenburg an der Havel, Kreisfreie Stadt"
DE402,DE,"Cottbus, Kreisfreie Stadt","Cottbus, Kreisfreie Stadt"
DE403,DE,"Frankfurt (Oder), Kreisfreie Stadt","Frankfurt (Oder), Kreisfreie Stadt"
DE404,DE,"Potsdam, Kreisfreie Stadt","Potsdam, Kreisfreie Stadt"
DE405,DE,Barnim,Barnim
DE406,DE,Dahme-Spreewald,Dahme-Spreewald
DE407,DE,Elbe-Elster,Elbe-Elster
DE408,DE,Havelland,Havelland
DE409,DE,Märkisch-Oderland,Märkisch-Oderland
DE40A,DE,Oberhavel,Oberhavel
DE40B,DE,Oberspreewald-Lausitz,Oberspreewald-Lausitz
DE40C,DE,Oder-Spree,Oder-Spree
DE40D,DE,Ostprignitz-Ruppin,Ostprignitz-Ruppin
DE40E,DE,Potsdam-Mittelmark,Potsdam-Mittelmark
DE40F,DE,Prignitz,Prignitz
DE40G,DE,Spree-Neiße,Spree-Neiße
DE40H,DE,Teltow-Fläming,Teltow-Fläming
DE40I,DE,Uckermark,Uckermark
DE501,DE,"Bremen, Kreisfreie Stadt","Bremen, Kreisfreie Stadt"
DE502,DE,"Bremerhaven, Kreisfreie Stadt","Bremerhaven, Kreisfreie Stadt"
DE600,DE,Hamburg,Hamburg
DE711,DE,"Darmstadt, Kreisfreie Stadt","Darmstadt, Kreisfreie Stadt"
DE712,DE,"Frankfurt am Main, Kreisfreie Stadt","Frankfurt am Main, Kreisfreie Stadt"
DE713,DE,"Offenbach am Main, Kreisfreie Stadt","Offenbach am Main, Kreisfreie Stadt"
DE714,DE,"Wiesbaden, Kreisfreie Stadt","Wiesbaden, Kreisfreie Stadt"
DE715,DE,Bergstraße,Bergstraße
DE716,DE,Darmstadt-Dieburg,Darmstadt-Dieburg
DE717,DE,Groß-Gerau,Groß-Gerau
DE718,DE,Hochtaunuskreis,Hochtaunuskreis
DE719,DE,Main-Kinzig-Kreis,Main-Kinzig-Kreis
DE71A,DE,Main-Taunus-Kreis,Main-Taunus-Kreis
DE71B,DE,Odenwaldkreis,Odenwaldkreis
DE71C,DE,"Offenbach, Landkreis","Offenbach, Landkreis"
DE71D,DE,Rheingau-Taunus-Kreis,Rheingau-Taunus-Kreis
DE71E,DE,Wetteraukreis,Wetteraukreis
DE721,DE,"Gießen, Landkreis","Gießen, Landkreis"
DE722,DE,Lahn-Dill-Kreis,Lahn-Dill-Kreis
DE723,DE,Limburg-Weilburg,Limburg-Weilburg
DE724,DE,Marburg-Biedenkopf,Marburg-Biedenkopf
DE725,DE,Vogelsbergkreis,Vogelsbergkreis
DE731,DE,"Kassel, Kreisfreie Stadt","Kassel, Kreisfreie Stadt"
DE732,DE,Fulda,Fulda
DE733,DE,Hersfeld-Rotenburg,Hersfeld-Rotenburg
DE734,DE,"Kassel, Landkreis","Kassel, Landkreis"
DE735,DE,Schwalm-Eder-Kreis,Schwalm-Eder-Kreis
ES243,ES,Zaragoza,Zaragoza
DE94A,DE,Friesland (DE),Friesland (DE)
DE94B,DE,Grafschaft Bentheim,Grafschaft Bentheim
DE94C,DE,Leer,Leer
DE94D,DE,"Oldenburg, Landkreis","Oldenburg, Landkreis"
DE94E,DE,"Osnabrück, Landkreis","Osnabrück, Landkreis"
DE94F,DE,Vechta,Vechta
DE94G,DE,Wesermarsch,Wesermarsch
DE94H,DE,Wittmund,Wittmund
DEA11,DE,"Düsseldorf, Kreisfreie Stadt","Düsseldorf, Kreisfreie Stadt"
DEA12,DE,"Duisburg, Kreisfreie Stadt","Duisburg, Kreisfreie Stadt"
DEA13,DE,"Essen, Kreisfreie Stadt","Essen, Kreisfreie Stadt"
DEA14,DE,"Krefeld, Kreisfreie Stadt","Krefeld, Kreisfreie Stadt"
DEA15,DE,"Mönchengladbach, Kreisfreie Stadt","Mönchengladbach, Kreisfreie Stadt"
DEA16,DE,"Mülheim an der Ruhr, Kreisfreie Stadt","Mülheim an der Ruhr, Kreisfreie Stadt"
DEA17,DE,"Oberhausen, Kreisfreie Stadt","Oberhausen, Kreisfreie Stadt"
DEA18,DE,"Remscheid, Kreisfreie Stadt","Remscheid, Kreisfreie Stadt"
DEA19,DE,"Solingen, Kreisfreie Stadt","Solingen, Kreisfreie Stadt"
DEA1A,DE,"Wuppertal, Kreisfreie Stadt","Wuppertal, Kreisfreie Stadt"
DEA1B,DE,Kleve,Kleve
DEA1C,DE,Mettmann,Mettmann
DEA1D,DE,Rhein-Kreis Neuss,Rhein-Kreis Neuss
DEA1E,DE,Viersen,Viersen
DEA1F,DE,Wesel,Wesel
DEA22,DE,"Bonn, Kreisfreie Stadt","Bonn, Kreisfreie Stadt"
DEA23,DE,"Köln, Kreisfreie Stadt","Köln, Kreisfreie Stadt"
DEA24,DE,"Leverkusen, Kreisfreie Stadt","Leverkusen, Kreisfreie Stadt"
DEA26,DE,Düren,Düren
DEA27,DE,Rhein-Erft-Kreis,Rhein-Erft-Kreis
DEA28,DE,Euskirchen,Euskirchen
DEA29,DE,Heinsberg,Heinsberg
DEA2A,DE,Oberbergischer Kreis,Oberbergischer Kreis
DEA2B,DE,Rheinisch-Bergischer Kreis,Rheinisch-Bergischer Kreis
DEA2C,DE,Rhein-Sieg-Kreis,Rhein-Sieg-Kreis
DEA2D,DE,Städteregion Aachen,Städteregion Aachen
DEA31,DE,"Bottrop, Kreisfreie Stadt","Bottrop, Kreisfreie Stadt"
DEA32,DE,"Gelsenkirchen, Kreisfreie Stadt","Gelsenkirchen, Kreisfreie Stadt"
DEA33,DE,"Münster, Kreisfreie Stadt","Münster, Kreisfreie Stadt"
IE042,IE,West,West
IE051,IE,Mid-West,Mid-West
IE052,IE,South-East,South-East
IE053,IE,South-West,South-West
IE061,IE,Dublin,Dublin
IE062,IE,Mid-East,Mid-East
IE063,IE,Midland,Midland
IS001,IS,Höfuðborgarsvæði,Höfuðborgarsvæði
EL431,EL,Irakleio,Ηράκλειο
EL432,EL,Lasithi,Λασίθι
EL433,EL,Rethymni,Ρέθυμνο
EL434,EL,Chania,Χανιά
EL511,EL,Evros,Έβρος
EL512,EL,Xanthi,Ξάνθη
EL513,EL,Rodopi,Ροδόπη
EL514,EL,Drama,Δράμα
EL515,EL,"Thasos, Kavala","Θάσος, Καβάλα"
EL521,EL,Imathia,Ημαθία
EL522,EL,Thessaloniki,Θεσσαλονίκη
EL523,EL,Kilkis,Κιλκίς
EL524,EL,Pella,Πέλλα
EL525,EL,Pieria,Πιερία
EL526,EL,Serres,Σέρρες
EL527,EL,Chalkidiki,Χαλκιδική
EL531,EL,"Grevena, Kozani","Γρεβενά, Κοζάνη"
EL532,EL,Kastoria,Καστοριά
EL533,EL,Florina,Φλώρινα
EL541,EL,"Arta, Preveza","Άρτα, Πρέβεζα"
EL542,EL,Thesprotia,Θεσπρωτία
EL543,EL,Ioannina,Ιωάννινα
EL611,EL,"Karditsa, Trikala","Καρδίτσα, Τρίκαλα"
EL612,EL,Larisa,Λάρισα
EL613,EL,"Magnisia, Sporades","Μαγνησία, Σποράδες"
EL621,EL,Zakynthos,Ζάκυνθος
EL622,EL,Kerkyra,Κέρκυρα
EL623,EL,"Ithaki, Kefallinia","Ιθάκη, Κεφαλληνία"
EL624,EL,Lefkada,Λευκάδα
EL631,EL,Aitoloakarnania,Αιτωλοακαρνανία
EL632,EL,Achaia,Αχαΐα
EL633,EL,Ileia,Ηλεία
EL641,EL,Voiotia,Βοιωτία
EL642,EL,Evvoia,Εύβοια
EL643,EL,Evrytania,Ευρυτανία
EL644,EL,Fthiotida,Φθιώτιδα
EL645,EL,Fokida,Φωκίδα
EL651,EL,"Argolida, Arkadia","Αργολίδα, Αρκαδία"
EL652,EL,Korinthia,Κορινθία
EL653,EL,"Lakonia, Messinia","Λακωνία, Μεσσηνία"
ES111,ES,A Coruña,A Coruña
ES112,ES,Lugo,Lugo
ES113,ES,Ourense,Ourense
ES114,ES,Pontevedra,Pontevedra
ES120,ES,Asturias,Asturias
ES130,ES,Cantabria,Cantabria
DEF0F,DE,Stormarn,Stormarn
DEG01,DE,"Erfurt, Kreisfreie Stadt","Erfurt, Kreisfreie Stadt"
DEG02,DE,"Gera, Kreisfreie Stadt","Gera, Kreisfreie Stadt"
DEG03,DE,"Jena, Kreisfreie Stadt","Jena, Kreisfreie Stadt"
DEG04,DE,"Suhl, Kreisfreie Stadt","Suhl, Kreisfreie Stadt"
DEG05,DE,"Weimar, Kreisfreie Stadt","Weimar, Kreisfreie Stadt"
DEG06,DE,Eichsfeld,Eichsfeld
DE803,DE,"Rostock, Kreisfreie Stadt","Rostock, Kreisfreie Stadt"
DE804,DE,"Schwerin, Kreisfreie Stadt","Schwerin, Kreisfreie Stadt"
DE80J,DE,Mecklenburgische Seenplatte,Mecklenburgische Seenplatte
DE80K,DE,Landkreis Rostock,Landkreis Rostock
DE80L,DE,Vorpommern-Rügen,Vorpommern-Rügen
DE80M,DE,Nordwestmecklenburg,Nordwestmecklenburg
DE80N,DE,Vorpommern-Greifswald,Vorpommern-Greifswald
DE80O,DE,Ludwigslust-Parchim,Ludwigslust-Parchim
DE911,DE,"Braunschweig, Kreisfreie Stadt","Braunschweig, Kreisfreie Stadt"
DE912,DE,"Salzgitter, Kreisfreie Stadt","Salzgitter, Kreisfreie Stadt"
DE913,DE,"Wolfsburg, Kreisfreie Stadt","Wolfsburg, Kreisfreie Stadt"
DE914,DE,Gifhorn,Gifhorn
DE916,DE,Goslar,Goslar
DE917,DE,Helmstedt,Helmstedt
DE918,DE,Northeim,Northeim
DE91A,DE,Peine,Peine
DE91B,DE,Wolfenbüttel,Wolfenbüttel
DE91C,DE,Göttingen,Göttingen
DE922,DE,Diepholz,Diepholz
DE923,DE,Hameln-Pyrmont,Hameln-Pyrmont
DE925,DE,Hildesheim,Hildesheim
DE926,DE,Holzminden,Holzminden
DE927,DE,Nienburg (Weser),Nienburg (Weser)
DE928,DE,Schaumburg,Schaumburg
DE929,DE,Region Hannover,Region Hannover
DE931,DE,Celle,Celle
DE932,DE,Cuxhaven,Cuxhaven
DE933,DE,Harburg,Harburg
DE934,DE,Lüchow-Dannenberg,Lüchow-Dannenberg
DE935,DE,"Lüneburg, Landkreis","Lüneburg, Landkreis"
DE936,DE,Osterholz,Osterholz
DE937,DE,Rotenburg (Wümme),Rotenburg (Wümme)
DE938,DE,Heidekreis,Heidekreis
DE939,DE,Stade,Stade
DE93A,DE,Uelzen,Uelzen
DE93B,DE,Verden,Verden
DE941,DE,"Delmenhorst, Kreisfreie Stadt","Delmenhorst, Kreisfreie Stadt"
DE942,DE,"Emden, Kreisfreie Stadt","Emden, Kreisfreie Stadt"
DE943,DE,"Oldenburg (Oldenburg), Kreisfreie Stadt","Oldenburg (Oldenburg), Kreisfreie Stadt"
DE944,DE,"Osnabrück, Kreisfreie Stadt","Osnabrück, Kreisfreie Stadt"
DE945,DE,"Wilhelmshaven, Kreisfreie Stadt","Wilhelmshaven, Kreisfreie Stadt"
DE946,DE,Ammerland,Ammerland
DE244,DE,"Hof, Kreisfreie Stadt","Hof, Kreisfreie Stadt"
DE245,DE,"Bamberg, Landkreis","Bamberg, Landkreis"
DE246,DE,"Bayreuth, Landkreis","Bayreuth, Landkreis"
DE247,DE,"Coburg, Landkreis","Coburg, Landkreis"
DE248,DE,Forchheim,Forchheim
DE249,DE,"Hof, Landkreis","Hof, Landkreis"
DE24A,DE,Kronach,Kronach
DE24B,DE,Kulmbach,Kulmbach
DE24C,DE,Lichtenfels,Lichtenfels
DE24D,DE,Wunsiedel i. Fichtelgebirge,Wunsiedel i. Fichtelgebirge
DE251,DE,"Ansbach, Kreisfreie Stadt","Ansbach, Kreisfreie Stadt"
DE252,DE,"Erlangen, Kreisfreie Stadt","Erlangen, Kreisfreie Stadt"
DE253,DE,"Fürth, Kreisfreie Stadt","Fürth, Kreisfreie Stadt"
DE254,DE,"Nürnberg, Kreisfreie Stadt","Nürnberg, Kreisfreie Stadt"
DE255,DE,"Schwabach, Kreisfreie Stadt","Schwabach, Kreisfreie Stadt"
DE256,DE,"Ansbach, Landkreis","Ansbach, Landkreis"
DE257,DE,Erlangen-Höchstadt,Erlangen-Höchstadt
DE258,DE,"Fürth, Landkreis","Fürth, Landkreis"
DE259,DE,Nürnberger Land,Nürnberger Land
DE25A,DE,Neustadt a. d. Aisch-Bad Windsheim,Neustadt a. d. Aisch-Bad Windsheim
DE25B,DE,Roth,Roth
DE25C,DE,Weißenburg-Gunzenhausen,Weißenburg-Gunzenhausen
DE261,DE,"Aschaffenburg, Kreisfreie Stadt","Aschaffenburg, Kreisfreie Stadt"
DE262,DE,"Schweinfurt, Kreisfreie Stadt","Schweinfurt, Kreisfreie Stadt"
DE263,DE,"Würzburg, Kreisfreie Stadt","Würzburg, Kreisfreie Stadt"
DE264,DE,"Aschaffenburg, Landkreis","Aschaffenburg, Landkreis"
DE265,DE,Bad Kissingen,Bad Kissingen
DE266,DE,Rhön-Grabfeld,Rhön-Grabfeld
DE267,DE,Haßberge,Haßberge
DE268,DE,Kitzingen,Kitzingen
DE269,DE,Miltenberg,Miltenberg
DE26A,DE,Main-Spessart,Main-Spessart
DE26B,DE,"Schweinfurt, Landkreis","Schweinfurt, Landkreis"
DE26C,DE,"Würzburg, Landkreis","Würzburg, Landkreis"
DE271,DE,"Augsburg, Kreisfreie Stadt","Augsburg, Kreisfreie Stadt"
DE272,DE,"Kaufbeuren, Kreisfreie Stadt","Kaufbeuren, Kreisfreie Stadt"
DE273,DE,"Kempten (Allgäu), Kreisfreie Stadt","Kempten (Allgäu), Kreisfreie Stadt"
DE274,DE,"Memmingen, Kreisfreie Stadt","Memmingen, Kreisfreie Stadt"
DE275,DE,Aichach-Friedberg,Aichach-Friedberg
DE276,DE,"Augsburg, Landkreis","Augsburg, Landkreis"
DE277,DE,Dillingen a.d. Donau,Dillingen a.d. Donau
DE278,DE,Günzburg,Günzburg
DE279,DE,Neu-Ulm,Neu-Ulm
DEA41,DE,"Bielefeld, Kreisfreie Stadt","Bielefeld, Kreisfreie Stadt"
DEA42,DE,Gütersloh,Gütersloh
DEA43,DE,Herford,Herford
HR036,HR,Istarska županija,Istarska županija
HR037,HR,Dubrovačko-neretvanska županija,Dubrovačko-neretvanska županija
HR050,HR,Grad Zagreb,Grad Zagreb
HR065,HR,Zagrebačka županija,Zagrebačka županija
HR064,HR,Krapinsko-zagorska županija,Krapinsko-zagorska županija
HR062,HR,Varaždinska županija,Varaždinska županija
HR063,HR,Koprivničko-križevačka županija,Koprivničko-križevačka županija
HR061,HR,Međimurska županija,Međimurska županija
HR021,HR,Bjelovarsko-bilogorska županija,Bjelovarsko-bilogorska županija
HR022,HR,Virovitičko-podravska županija,Virovitičko-podravska županija
HR023,HR,Požeško-slavonska županija,Požeško-slavonska županija
HR024,HR,Brodsko-posavska županija,Brodsko-posavska županija
HR025,HR,Osječko-baranjska županija,Osječko-baranjska županija
HR026,HR,Vukovarsko-srijemska županija,Vukovarsko-srijemska županija
HR027,HR,Karlovačka županija,Karlovačka županija
HR028,HR,Sisačko-moslavačka županija,Sisačko-moslavačka županija
HU110,HU,Budapest,Budapest
HU120,HU,Pest,Pest
HU211,HU,Fejér,Fejér
HU212,HU,Komárom-Esztergom,Komárom-Esztergom
HU213,HU,Veszprém,Veszprém
HU221,HU,Győr-Moson-Sopron,Győr-Moson-Sopron
HU222,HU,Vas,Vas
HU223,HU,Zala,Zala
HU231,HU,Baranya,Baranya
HU232,HU,Somogy,Somogy
HU233,HU,Tolna,Tolna
HU311,HU,Borsod-Abaúj-Zemplén,Borsod-Abaúj-Zemplén
HU312,HU,Heves,Heves
HU313,HU,Nógrád,Nógrád
HU321,HU,Hajdú-Bihar,Hajdú-Bihar
HU322,HU,Jász-Nagykun-Szolnok,Jász-Nagykun-Szolnok
HU323,HU,Szabolcs-Szatmár-Bereg,Szabolcs-Szatmár-Bereg
HU331,HU,Bács-Kiskun,Bács-Kiskun
HU332,HU,Békés,Békés
HU333,HU,Csongrád,Csongrád
IE041,IE,Border,Border
PT150,PT,Algarve,Algarve
PT16B,PT,Oeste,Oeste
PT16D,PT,Região de Aveiro,Região de Aveiro
PT16E,PT,Região de Coimbra,Região de Coimbra
PT16F,PT,Região de Leiria,Região de Leiria
PT16G,PT,Viseu Dão Lafões,Viseu Dão Lafões
PT16H,PT,Beira Baixa,Beira Baixa
PT16I,PT,Médio Tejo,Médio Tejo
IS002,IS,Landsbyggð,Landsbyggð
ITC11,IT,Torino,Torino
ITC12,IT,Vercelli,Vercelli
ITC13,IT,Biella,Biella
ITC14,IT,Verbano-Cusio-Ossola,Verbano-Cusio-Ossola
ITC15,IT,Novara,Novara
ITC16,IT,Cuneo,Cuneo
ITC17,IT,Asti,Asti
ITC18,IT,Alessandria,Alessandria
ITC20,IT,Valle d’Aosta/Vallée d’Aoste,Valle d’Aosta/Vallée d’Aoste
ITC31,IT,Imperia,Imperia
ITC32,IT,Savona,Savona
ITC33,IT,Genova,Genova
ITC34,IT,La Spezia,La Spezia
ITC41,IT,Varese,Varese
ITC42,IT,Como,Como
ITC43,IT,Lecco,Lecco
ITC44,IT,Sondrio,Sondrio
ITC46,IT,Bergamo,Bergamo
ITC47,IT,Brescia,Brescia
ITC48,IT,Pavia,Pavia
ITC49,IT,Lodi,Lodi
ITC4A,IT,Cremona,Cremona
ITC4B,IT,Mantova,Mantova
ITC4C,IT,Milano,Milano
ITC4D,IT,Monza e della Brianza,Monza e della Brianza
ITF11,IT,L’Aquila,L’Aquila
ITF12,IT,Teramo,Teramo
ITF13,IT,Pescara,Pescara
ITF14,IT,Chieti,Chieti
ITF21,IT,Isernia,Isernia
ITF22,IT,Campobasso,Campobasso
ITF31,IT,Caserta,Caserta
ITF32,IT,Benevento,Benevento
ITF33,IT,Napoli,Napoli
ITF34,IT,Avellino,Avellino
ITF35,IT,Salerno,Salerno
ITF43,IT,Taranto,Taranto
ITF44,IT,Brindisi,Brindisi
ITF45,IT,Lecce,Lecce
ITF46,IT,Foggia,Foggia
ITF47,IT,Bari,Bari
ITF48,IT,Barletta-Andria-Trani,Barletta-Andria-Trani
DEB3E,DE,Germersheim,Germersheim
DEB3F,DE,"Kaiserslautern, Landkreis","Kaiserslautern, Landkreis"
DEB3G,DE,Kusel,Kusel
ITF64,IT,Vibo Valentia,Vibo Valentia
ITF65,IT,Reggio di Calabria,Reggio di Calabria
ITG11,IT,Trapani,Trapani
ITG12,IT,Palermo,Palermo
ITG13,IT,Messina,Messina
ITG14,IT,Agrigento,Agrigento
ITG15,IT,Caltanissetta,Caltanissetta
ITG16,IT,Enna,Enna
ITG17,IT,Catania,Catania
ITG18,IT,Ragusa,Ragusa
ITG19,IT,Siracusa,Siracusa
ITG2D,IT,Sassari,Sassari
ITG2E,IT,Nuoro,Nuoro
ITG2H,IT,Sud Sardegna,Sud Sardegna
ITG2G,IT,Oristano,Oristano
ITH10,IT,Bolzano-Bozen,Bolzano-Bozen
ITH20,IT,Trento,Trento
ITH31,IT,Verona,Verona
ITH32,IT,Vicenza,Vicenza
ITH33,IT,Belluno,Belluno
ITH34,IT,Treviso,Treviso
ITH35,IT,Venezia,Venezia
ITH36,IT,Padova,Padova
ITH37,IT,Rovigo,Rovigo
ITH41,IT,Pordenone,Pordenone
ITH42,IT,Udine,Udine
ITH43,IT,Gorizia,Gorizia
ITH44,IT,Trieste,Trieste
ITH51,IT,Piacenza,Piacenza
ITH52,IT,Parma,Parma
ITH53,IT,Reggio nell’Emilia,Reggio nell’Emilia
ITH54,IT,Modena,Modena
ITH55,IT,Bologna,Bologna
ITH56,IT,Ferrara,Ferrara
ITH57,IT,Ravenna,Ravenna
ITH58,IT,Forlì-Cesena,Forlì-Cesena
ITH59,IT,Rimini,Rimini
ITI11,IT,Massa-Carrara,Massa-Carrara
ITI12,IT,Lucca,Lucca
ITI13,IT,Pistoia,Pistoia
ITI14,IT,Firenze,Firenze
ITI15,IT,Prato,Prato
ITI16,IT,Livorno,Livorno
ITI17,IT,Pisa,Pisa
ITI18,IT,Arezzo,Arezzo
ITI19,IT,Siena,Siena
ITI1A,IT,Grosseto,Grosseto
ITI21,IT,Perugia,Perugia
ES211,ES,Araba/Álava,Araba/Álava
ES212,ES,Gipuzkoa,Gipuzkoa
ES213,ES,Bizkaia,Bizkaia
ES220,ES,Navarra,Navarra
ES230,ES,La Rioja,La Rioja
ES241,ES,Huesca,Huesca
ES242,ES,Teruel,Teruel
PL217,PL,Tarnowski,Tarnowski
PL218,PL,Nowosądecki,Nowosądecki
PL219,PL,Nowotarski,Nowotarski
PL21A,PL,Oświęcimski,Oświęcimski
ES300,ES,Madrid,Madrid
ES411,ES,Ávila,Ávila
ES412,ES,Burgos,Burgos
ES413,ES,León,León
ES414,ES,Palencia,Palencia
ES415,ES,Salamanca,Salamanca
ES416,ES,Segovia,Segovia
ES417,ES,Soria,Soria
ES418,ES,Valladolid,Valladolid
ES419,ES,Zamora,Zamora
ES421,ES,Albacete,Albacete
ES422,ES,Ciudad Real,Ciudad Real
ES423,ES,Cuenca,Cuenca
ES424,ES,Guadalajara,Guadalajara
ES425,ES,Toledo,Toledo
ES431,ES,Badajoz,Badajoz
ES432,ES,Cáceres,Cáceres
ES511,ES,Barcelona,Barcelona
ES512,ES,Girona,Girona
ES513,ES,Lleida,Lleida
ES514,ES,Tarragona,Tarragona
ES521,ES,Alicante/Alacant,Alicante/Alacant
ES522,ES,Castellón/Castelló,Castellón/Castelló
ES523,ES,Valencia/València,Valencia/València
ES531,ES,Eivissa y Formentera,Eivissa y Formentera
ES532,ES,Mallorca,Mallorca
ES533,ES,Menorca,Menorca
ES611,ES,Almería,Almería
ES612,ES,Cádiz,Cádiz
ES613,ES,Córdoba,Córdoba
ES614,ES,Granada,Granada
ES615,ES,Huelva,Huelva
ES616,ES,Jaén,Jaén
ES617,ES,Málaga,Málaga
ES618,ES,Sevilla,Sevilla
ES620,ES,Murcia,Murcia
ES630,ES,Ceuta,Ceuta
ES640,ES,Melilla,Melilla
ES703,ES,El Hierro,El Hierro
ES704,ES,Fuerteventura,Fuerteventura
ES705,ES,Gran Canaria,Gran Canaria
ES706,ES,La Gomera,La Gomera
ES707,ES,La Palma,La Palma
ES708,ES,Lanzarote,Lanzarote
ES709,ES,Tenerife,Tenerife
FI193,FI,Keski-Suomi,Keski-Suomi
FI194,FI,Etelä-Pohjanmaa,Etelä-Pohjanmaa
FI195,FI,Pohjanmaa,Pohjanmaa
FI196,FI,Satakunta,Satakunta
FI197,FI,Pirkanmaa,Pirkanmaa
FI1B1,FI,Helsinki-Uusimaa,Helsinki-Uusimaa
FI1C1,FI,Varsinais-Suomi,Varsinais-Suomi
FI1C2,FI,Kanta-Häme,Kanta-Häme
FI1C3,FI,Päijät-Häme,Päijät-Häme
FI1C4,FI,Kymenlaakso,Kymenlaakso
FI1C5,FI,Etelä-Karjala,Etelä-Karjala
FI1D1,FI,Etelä-Savo,Etelä-Savo
FI1D2,FI,Pohjois-Savo,Pohjois-Savo
FI1D3,FI,Pohjois-Karjala,Pohjois-Karjala
FI1D5,FI,Keski-Pohjanmaa,Keski-Pohjanmaa
FI1D7,FI,Lappi,Lappi
FI1D8,FI,Kainuu,Kainuu
FI1D9,FI,Pohjois-Pohjanmaa,Pohjois-Pohjanmaa
FI200,FI,Åland,Åland
FR101,FR,Paris,Paris
FR102,FR,Seine-et-Marne,Seine-et-Marne
FR103,FR,Yvelines,Yvelines
FR104,FR,Essonne,Essonne
FR105,FR,Hauts-de-Seine,Hauts-de-Seine
FR106,FR,Seine-Saint-Denis,Seine-Saint-Denis
FR107,FR,Val-de-Marne,Val-de-Marne
FR108,FR,Val-d’Oise,Val-d’Oise
FRB01,FR,Cher,Cher
FRB02,FR,Eure-et-Loir,Eure-et-Loir
FRB03,FR,Indre,Indre
FRB04,FR,Indre-et-Loire,Indre-et-Loire
FRB05,FR,Loir-et-Cher,Loir-et-Cher
FRB06,FR,Loiret,Loiret
RO421,RO,Arad,Arad
RO422,RO,Caraş-Severin,Caraş-Severin
RO423,RO,Hunedoara,Hunedoara
RO424,RO,Timiş,Timiş
FRC12,FR,Nièvre,Nièvre
FRC13,FR,Saône-et-Loire,Saône-et-Loire
FRC14,FR,Yonne,Yonne
FRC21,FR,Doubs,Doubs
FRC22,FR,Jura,Jura
FRC23,FR,Haute-Saône,Haute-Saône
FRC24,FR,Territoire de Belfort,Territoire de Belfort
FRD11,FR,Calvados,Calvados
FRD12,FR,Manche,Manche
FRD13,FR,Orne,Orne
FRD21,FR,Eure,Eure
FRD22,FR,Seine-Maritime,Seine-Maritime
FRE11,FR,Nord,Nord
FRE12,FR,Pas-de-Calais,Pas-de-Calais
FRE21,FR,Aisne,Aisne
FRE22,FR,Oise,Oise
FRE23,FR,Somme,Somme
FRF11,FR,Bas-Rhin,Bas-Rhin
FRF12,FR,Haut-Rhin,Haut-Rhin
FRF21,FR,Ardennes,Ardennes
FRF22,FR,Aube,Aube
FRF23,FR,Marne,Marne
FRF24,FR,Haute-Marne,Haute-Marne
FRF31,FR,Meurthe-et-Moselle,Meurthe-et-Moselle
FRF32,FR,Meuse,Meuse
FRF33,FR,Moselle,Moselle
FRF34,FR,Vosges,Vosges
FRG01,FR,Loire-Atlantique,Loire-Atlantique
FRG02,FR,Maine-et-Loire,Maine-et-Loire
FRG03,FR,Mayenne,Mayenne
FRG04,FR,Sarthe,Sarthe
FRG05,FR,Vendée,Vendée
FRH01,FR,Côtes-d’Armor,Côtes-d’Armor
FRH02,FR,Finistère,Finistère
FRH03,FR,Ille-et-Vilaine,Ille-et-Vilaine
FRH04,FR,Morbihan,Morbihan
FRI11,FR,Dordogne,Dordogne
FRI12,FR,Gironde,Gironde
FRI13,FR,Landes,Landes
FRI14,FR,Lot-et-Garonne,Lot-et-Garonne
FRI15,FR,Pyrénées-Atlantiques,Pyrénées-Atlantiques
FRI21,FR,Corrèze,Corrèze
FRI22,FR,Creuse,Creuse
FRI23,FR,Haute-Vienne,Haute-Vienne
FRI31,FR,Charente,Charente
FRI32,FR,Charente-Maritime,Charente-Maritime
FRI33,FR,Deux-Sèvres,Deux-Sèvres
FRI34,FR,Vienne,Vienne
FRJ11,FR,Aude,Aude
FRJ12,FR,Gard,Gard
FRJ13,FR,Hérault,Hérault
FRJ14,FR,Lozère,Lozère
FRJ15,FR,Pyrénées-Orientales,Pyrénées-Orientales
FRJ21,FR,Ariège,Ariège
FRJ22,FR,Aveyron,Aveyron
FRJ23,FR,Haute-Garonne,Haute-Garonne
FRJ24,FR,Gers,Gers
FRJ25,FR,Lot,Lot
FRJ26,FR,Hautes-Pyrénées,Hautes-Pyrénées
FRJ27,FR,Tarn,Tarn
FRJ28,FR,Tarn-et-Garonne,Tarn-et-Garonne
FRK11,FR,Allier,Allier
FRK12,FR,Cantal,Cantal
FRK13,FR,Haute-Loire,Haute-Loire
FRK14,FR,Puy-de-Dôme,Puy-de-Dôme
FRK21,FR,Ain,Ain
FRK22,FR,Ardèche,Ardèche
FRK23,FR,Drôme,Drôme
FRK24,FR,Isère,Isère
FRK25,FR,Loire,Loire
FRK26,FR,Rhône,Rhône
FRK27,FR,Savoie,Savoie
FRK28,FR,Haute-Savoie,Haute-Savoie
FRL01,FR,Alpes-de-Haute-Provence,Alpes-de-Haute-Provence
FRL02,FR,Hautes-Alpes,Hautes-Alpes
FRL03,FR,Alpes-Maritimes,Alpes-Maritimes
FRL04,FR,Bouches-du-Rhône,Bouches-du-Rhône
FRL05,FR,Var,Var
FRL06,FR,Vaucluse,Vaucluse
FRM01,FR,Corse-du-Sud,Corse-du-Sud
FRM02,FR,Haute-Corse,Haute-Corse
FRY10,FR,Guadeloupe,Guadeloupe
FRY20,FR,Martinique,Martinique
FRY30,FR,Guyane,Guyane
FRY40,FR,La Réunion,La Réunion
FRY50,FR,Mayotte,Mayotte
HR031,HR,Primorsko-goranska županija,Primorsko-goranska županija
HR032,HR,Ličko-senjska županija,Ličko-senjska županija
HR033,HR,Zadarska županija,Zadarska županija
HR034,HR,Šibensko-kninska županija,Šibensko-kninska županija
HR035,HR,Splitsko-dalmatinska županija,Splitsko-dalmatinska županija
RO115,RO,Satu Mare,Satu Mare
RO116,RO,Sălaj,Sălaj
RO121,RO,Alba,Alba
RO122,RO,Braşov,Braşov
RO123,RO,Covasna,Covasna
RO124,RO,Harghita,Harghita
RO125,RO,Mureş,Mureş
RO126,RO,Sibiu,Sibiu
RO211,RO,Bacău,Bacău
RO212,RO,Botoşani,Botoşani
RO213,RO,Iaşi,Iaşi
RO214,RO,Neamţ,Neamţ
RO215,RO,Suceava,Suceava
RO216,RO,Vaslui,Vaslui
RO221,RO,Brăila,Brăila
RO222,RO,Buzău,Buzău
RO223,RO,Constanţa,Constanţa
RO224,RO,Galaţi,Galaţi
RO225,RO,Tulcea,Tulcea
RO226,RO,Vrancea,Vrancea
RO311,RO,Argeş,Argeş
RO312,RO,Călăraşi,Călăraşi
RO313,RO,Dâmboviţa,Dâmboviţa
RO314,RO,Giurgiu,Giurgiu
RO315,RO,Ialomiţa,Ialomiţa
RO316,RO,Prahova,Prahova
RO317,RO,Teleorman,Teleorman
RO321,RO,Bucureşti,Bucureşti
ITF51,IT,Potenza,Potenza
ITF52,IT,Matera,Matera
ITF61,IT,Cosenza,Cosenza
ITF62,IT,Crotone,Crotone
ITF63,IT,Catanzaro,Catanzaro
RO414,RO,Olt,Olt
RO415,RO,Vâlcea,Vâlcea
UKH25,UK,Central Bedfordshire,Central Bedfordshire
UKH31,UK,Southend-on-Sea,Southend-on-Sea
UKH32,UK,Thurrock,Thurrock
UKH34,UK,Essex Haven Gateway,Essex Haven Gateway
UKH35,UK,West Essex,West Essex
UKH36,UK,Heart of Essex,Heart of Essex
UKH37,UK,Essex Thames Gateway,Essex Thames Gateway
UKI31,UK,Camden and City of London,Camden and City of London
UKI32,UK,Westminster,Westminster
UKI33,UK,Kensington & Chelsea and Hammersmith & Fulham,Kensington & Chelsea and Hammersmith & Fulham
UKI34,UK,Wandsworth,Wandsworth
UKI41,UK,Hackney and Newham,Hackney and Newham
PL721,PL,Kielecki,Kielecki
PL722,PL,Sandomiersko-jędrzejowski,Sandomiersko-jędrzejowski
SI043,SI,Goriška,Goriška
SI044,SI,Obalno-kraška,Obalno-kraška
SK010,SK,Bratislavský kraj,Bratislavský kraj
SK021,SK,Trnavský kraj,Trnavský kraj
SK022,SK,Trenčiansky kraj,Trenčiansky kraj
SK023,SK,Nitriansky kraj,Nitriansky kraj
SK031,SK,Žilinský kraj,Žilinský kraj
SK032,SK,Banskobystrický kraj,Banskobystrický kraj
SK041,SK,Prešovský kraj,Prešovský kraj
SK042,SK,Košický kraj,Košický kraj
TR100,TR,İstanbul,İstanbul
TR211,TR,Tekirdağ,Tekirdağ
TR212,TR,Edirne,Edirne
TR213,TR,Kırklareli,Kırklareli
TR221,TR,Balıkesir,Balıkesir
TR222,TR,Çanakkale,Çanakkale
TR310,TR,İzmir,İzmir
TR321,TR,Aydın,Aydın
TR322,TR,Denizli,Denizli
TR323,TR,Muğla,Muğla
TR331,TR,Manisa,Manisa
TR332,TR,Afyonkarahisar,Afyonkarahisar
TR333,TR,Kütahya,Kütahya
TR334,TR,Uşak,Uşak
TR411,TR,Bursa,Bursa
TR412,TR,Eskişehir,Eskişehir
TR413,TR,Bilecik,Bilecik
TR421,TR,Kocaeli,Kocaeli
ITI22,IT,Terni,Terni
ITI31,IT,Pesaro e Urbino,Pesaro e Urbino
ITI32,IT,Ancona,Ancona
ITI33,IT,Macerata,Macerata
ITI34,IT,Ascoli Piceno,Ascoli Piceno
ITI35,IT,Fermo,Fermo
ITI41,IT,Viterbo,Viterbo
ITI42,IT,Rieti,Rieti
ITI43,IT,Roma,Roma
ITI44,IT,Latina,Latina
ITI45,IT,Frosinone,Frosinone
LI000,LI,Liechtenstein,Liechtenstein
LT011,LT,Vilniaus apskritis,Vilniaus apskritis
LT021,LT,Alytaus apskritis,Alytaus apskritis
RS110,RS,City of Belgrade,Београдска област
RS121,RS,Zapadnobačka oblast,Западнобачка област
RS122,RS,Južnobanatska oblast,Јужнобанатска област
RS123,RS,Južnobačka oblast,Јужнобачка област
RS124,RS,Severnobanatska oblast,Севернобанатска област
RS125,RS,Severnobačka oblast,Севернобачка област
RS126,RS,Srednjobanatska oblast,Средњобанатска област
RS127,RS,Sremska oblast,Сремска област
RS211,RS,Zlatiborska oblast,Златиборска област
RS212,RS,Kolubarska oblast,Колубарска област
RS213,RS,Mačvanska oblast,Мачванска област
RS214,RS,Moravička oblast,Моравичка област
RS215,RS,Pomoravska oblast,Поморавска област
RS216,RS,Rasinska oblast,Расинска област
RS217,RS,Raška oblast,Рашка област
RS218,RS,Šumadijska oblast,Шумадијска област
RS221,RS,Borska oblast,Борска област
RS222,RS,Braničevska oblast,Браничевска област
RS223,RS,Zaječarska oblast,Зајечарска област
RS224,RS,Jablanička oblast,Јабланичка област
RS225,RS,Nišavska oblast,Нишавска област
RS226,RS,Pirotska oblast,Пиротска област
RS227,RS,Podunavska oblast,Подунавска област
RS228,RS,Pčinjska oblast,Пчињска област
RS229,RS,Toplička oblast,Топличка област
SE110,SE,Stockholms län,Stockholms län
SE121,SE,Uppsala län,Uppsala län
SE122,SE,Södermanlands län,Södermanlands län
SE123,SE,Östergötlands län,Östergötlands län
SE124,SE,Örebro län,Örebro län
SE125,SE,Västmanlands län,Västmanlands län
SE211,SE,Jönköpings län,Jönköpings län
SE212,SE,Kronobergs län,Kronobergs län
SE213,SE,Kalmar län,Kalmar län
SE214,SE,Gotlands län,Gotlands län
SE221,SE,Blekinge län,Blekinge län
SE224,SE,Skåne län,Skåne län
SE231,SE,Hallands län,Hallands län
SE232,SE,Västra Götalands län,Västra Götalands län
SE311,SE,Värmlands län,Värmlands län
SE312,SE,Dalarnas län,Dalarnas län
TR422,TR,Sakarya,Sakarya
TR423,TR,Düzce,Düzce
TR424,TR,Bolu,Bolu
NL212,NL,Zuidwest-Overijssel,Zuidwest-Overijssel
NL213,NL,Twente,Twente
NL221,NL,Veluwe,Veluwe
NL224,NL,Zuidwest-Gelderland,Zuidwest-Gelderland
NL225,NL,Achterhoek,Achterhoek
NL226,NL,Arnhem/Nijmegen,Arnhem/Nijmegen
NL230,NL,Flevoland,Flevoland
NL310,NL,Utrecht,Utrecht
NL321,NL,Kop van Noord-Holland,Kop van Noord-Holland
NL323,NL,IJmond,IJmond
NL324,NL,Agglomeratie Haarlem,Agglomeratie Haarlem
NL325,NL,Zaanstreek,Zaanstreek
NL327,NL,Het Gooi en Vechtstreek,Het Gooi en Vechtstreek
NL328,NL,Alkmaar en omgeving,Alkmaar en omgeving
NL329,NL,Groot-Amsterdam,Groot-Amsterdam
NL332,NL,Agglomeratie ’s-Gravenhage,Agglomeratie ’s-Gravenhage
NL333,NL,Delft en Westland,Delft en Westland
NL337,NL,Agglomeratie Leiden en Bollenstreek,Agglomeratie Leiden en Bollenstreek
NL33A,NL,Zuidoost-Zuid-Holland,Zuidoost-Zuid-Holland
NL33B,NL,Oost-Zuid-Holland,Oost-Zuid-Holland
NL33C,NL,Groot-Rijnmond,Groot-Rijnmond
NL341,NL,Zeeuwsch-Vlaanderen,Zeeuwsch-Vlaanderen
NL342,NL,Overig Zeeland,Overig Zeeland
NL411,NL,West-Noord-Brabant,West-Noord-Brabant
NL412,NL,Midden-Noord-Brabant,Midden-Noord-Brabant
NL413,NL,Noordoost-Noord-Brabant,Noordoost-Noord-Brabant
NL414,NL,Zuidoost-Noord-Brabant,Zuidoost-Noord-Brabant
NL421,NL,Noord-Limburg,Noord-Limburg
NL422,NL,Midden-Limburg,Midden-Limburg
NL423,NL,Zuid-Limburg,Zuid-Limburg
NO081,NO,Oslo,Oslo
NO082,NO,Viken,Viken
NO020,NO,Innlandet,Innlandet
NO091,NO,Vestfold og Telemark,Vestfold og Telemark
NO092,NO,Agder,Agder
NO0A1,NO,Rogaland,Rogaland
NO0A2,NO,Vestland,Vestland
NO0A3,NO,Møre og Romsdal,Møre og Romsdal
NO060,NO,Trøndelag,Trøndelag
NO071,NO,Nordland,Nordland
NO074,NO,Troms og Finnmark,Troms og Finnmark
PL213,PL,Miasto Kraków,Miasto Kraków
PL214,PL,Krakowski,Krakowski
TRC31,TR,Mardin,Mardin
TRC32,TR,Batman,Batman
TRC33,TR,Şırnak,Şırnak
PL811,PL,Bialski,Bialski
PL812,PL,Chełmsko-zamojski,Chełmsko-zamojski
PL814,PL,Lubelski,Lubelski
PL815,PL,Puławski,Puławski
PL821,PL,Krośnieński,Krośnieński
PL822,PL,Przemyski,Przemyski
PL823,PL,Rzeszowski,Rzeszowski
PL824,PL,Tarnobrzeski,Tarnobrzeski
PL841,PL,Białostocki,Białostocki
PL842,PL,Łomżyński,Łomżyński
PL843,PL,Suwalski,Suwalski
PL911,PL,Miasto Warszawa,Miasto Warszawa
PL912,PL,Warszawski wschodni,Warszawski wschodni
PL913,PL,Warszawski zachodni,Warszawski zachodni
PL921,PL,Radomski,Radomski
PL922,PL,Ciechanowski,Ciechanowski
PL923,PL,Płocki,Płocki
PL924,PL,Ostrołęcki,Ostrołęcki
PL925,PL,Siedlecki,Siedlecki
PL926,PL,Żyrardowski,Żyrardowski
PT111,PT,Alto Minho,Alto Minho
PT112,PT,Cávado,Cávado
PT119,PT,Ave,Ave
PT11A,PT,Área Metropolitana do Porto,Área Metropolitana do Porto
PT11B,PT,Alto Tâmega,Alto Tâmega
PT11C,PT,Tâmega e Sousa,Tâmega e Sousa
PT11D,PT,Douro,Douro
PT11E,PT,Terras de Trás-os-Montes,Terras de Trás-os-Montes
BE31,BE,Prov. Brabant Wallon,Prov. Brabant Wallon
BE32,BE,Prov. Hainaut,Prov. Hainaut
BE33,BE,Prov. Liège,Prov. Liège
BE34,BE,Prov. Luxembourg (BE),Prov. Luxembourg (BE)
TR425,TR,Yalova,Yalova
TR510,TR,Ankara,Ankara
TR521,TR,Konya,Konya
TR522,TR,Karaman,Karaman
TR611,TR,Antalya,Antalya
TR612,TR,Isparta,Isparta
TR613,TR,Burdur,Burdur
TR621,TR,Adana,Adana
TR622,TR,Mersin,Mersin
TR631,TR,Hatay,Hatay
TR632,TR,Kahramanmaraş,Kahramanmaraş
TR633,TR,Osmaniye,Osmaniye
TR711,TR,Kırıkkale,Kırıkkale
TR712,TR,Aksaray,Aksaray
TR713,TR,Niğde,Niğde
TR714,TR,Nevşehir,Nevşehir
TR715,TR,Kırşehir,Kırşehir
TR721,TR,Kayseri,Kayseri
TR722,TR,Sivas,Sivas
TR723,TR,Yozgat,Yozgat
TR811,TR,Zonguldak,Zonguldak
TR812,TR,Karabük,Karabük
TR813,TR,Bartın,Bartın
TR821,TR,Kastamonu,Kastamonu
TR822,TR,Çankırı,Çankırı
TR823,TR,Sinop,Sinop
TR831,TR,Samsun,Samsun
TR832,TR,Tokat,Tokat
TR833,TR,Çorum,Çorum
TR834,TR,Amasya,Amasya
TR901,TR,Trabzon,Trabzon
TR902,TR,Ordu,Ordu
TR903,TR,Giresun,Giresun
TR904,TR,Rize,Rize
TR905,TR,Artvin,Artvin
TR906,TR,Gümüşhane,Gümüşhane
TRA11,TR,Erzurum,Erzurum
TRA12,TR,Erzincan,Erzincan
TRA13,TR,Bayburt,Bayburt
TRA21,TR,Ağrı,Ağrı
TRA22,TR,Kars,Kars
SE313,SE,Gävleborgs län,Gävleborgs län
SE321,SE,Västernorrlands län,Västernorrlands län
SE322,SE,Jämtlands län,Jämtlands län
SE331,SE,Västerbottens län,Västerbottens län
SE332,SE,Norrbottens län,Norrbottens län
SI031,SI,Pomurska,Pomurska
SI032,SI,Podravska,Podravska
SI033,SI,Koroška,Koroška
SI034,SI,Savinjska,Savinjska
SI035,SI,Zasavska,Zasavska
SI036,SI,Posavska,Posavska
SI037,SI,Jugovzhodna Slovenija,Jugovzhodna Slovenija
SI038,SI,Primorsko-notranjska,Primorsko-notranjska
SI041,SI,Osrednjeslovenska,Osrednjeslovenska
SI042,SI,Gorenjska,Gorenjska
PL224,PL,Częstochowski,Częstochowski
PL225,PL,Bielski,Bielski
PL227,PL,Rybnicki,Rybnicki
PL228,PL,Bytomski,Bytomski
PL229,PL,Gliwicki,Gliwicki
PL22A,PL,Katowicki,Katowicki
PL22B,PL,Sosnowiecki,Sosnowiecki
PL22C,PL,Tyski,Tyski
PL411,PL,Pilski,Pilski
PL414,PL,Koniński,Koniński
PL415,PL,Miasto Poznań,Miasto Poznań
PL416,PL,Kaliski,Kaliski
PL417,PL,Leszczyński,Leszczyński
PL418,PL,Poznański,Poznański
PL424,PL,Miasto Szczecin,Miasto Szczecin
PL426,PL,Koszaliński,Koszaliński
PL427,PL,Szczecinecko-pyrzycki,Szczecinecko-pyrzycki
PL428,PL,Szczeciński,Szczeciński
PL431,PL,Gorzowski,Gorzowski
PL432,PL,Zielonogórski,Zielonogórski
PL514,PL,Miasto Wrocław,Miasto Wrocław
PL515,PL,Jeleniogórski,Jeleniogórski
PL516,PL,Legnicko-głogowski,Legnicko-głogowski
PL517,PL,Wałbrzyski,Wałbrzyski
PL518,PL,Wrocławski,Wrocławski
PL523,PL,Nyski,Nyski
PL524,PL,Opolski,Opolski
PL613,PL,Bydgosko-toruński,Bydgosko-toruński
PL616,PL,Grudziądzki,Grudziądzki
PL617,PL,Inowrocławski,Inowrocławski
PL618,PL,Świecki,Świecki
PL619,PL,Włocławski,Włocławski
PL621,PL,Elbląski,Elbląski
PL622,PL,Olsztyński,Olsztyński
PL623,PL,Ełcki,Ełcki
PL633,PL,Trójmiejski,Trójmiejski
PL634,PL,Gdański,Gdański
PL636,PL,Słupski,Słupski
PL637,PL,Chojnicki,Chojnicki
PL638,PL,Starogardzki,Starogardzki
PL711,PL,Miasto Łódź,Miasto Łódź
PL712,PL,Łódzki,Łódzki
PL713,PL,Piotrkowski,Piotrkowski
PL714,PL,Sieradzki,Sieradzki
PL715,PL,Skierniewicki,Skierniewicki
LT022,LT,Kauno apskritis,Kauno apskritis
LT023,LT,Klaipėdos apskritis,Klaipėdos apskritis
LT024,LT,Marijampolės apskritis,Marijampolės apskritis
LT025,LT,Panevėžio apskritis,Panevėžio apskritis
LT026,LT,Šiaulių apskritis,Šiaulių apskritis
LT027,LT,Tauragės apskritis,Tauragės apskritis
LT028,LT,Telšių apskritis,Telšių apskritis
LT029,LT,Utenos apskritis,Utenos apskritis
LU000,LU,Luxembourg,Luxembourg
LV003,LV,Kurzeme,Kurzeme
LV005,LV,Latgale,Latgale
LV006,LV,Rīga,Rīga
LV007,LV,Pierīga,Pierīga
LV008,LV,Vidzeme,Vidzeme
LV009,LV,Zemgale,Zemgale
ME000,ME,Crna Gora,Црна Гора
MK001,MK,Vardarski,Вардарски
MK002,MK,Istočen,Источен
MK003,MK,Jugozapaden,Југозападен
MK004,MK,Jugoistočen,Југоисточен
MK005,MK,Pelagoniski,Пелагониски
MK006,MK,Pološki,Полошки
MK007,MK,Severoistočen,Североисточен
MK008,MK,Skopski,Скопски
MT001,MT,Malta,Malta
MT002,MT,Gozo and Comino/Għawdex u Kemmuna,Gozo and Comino/Għawdex u Kemmuna
NL111,NL,Oost-Groningen,Oost-Groningen
NL112,NL,Delfzijl en omgeving,Delfzijl en omgeving
NL113,NL,Overig Groningen,Overig Groningen
NL124,NL,Noord-Friesland,Noord-Friesland
NL125,NL,Zuidwest-Friesland,Zuidwest-Friesland
NL126,NL,Zuidoost-Friesland,Zuidoost-Friesland
NL131,NL,Noord-Drenthe,Noord-Drenthe
NL132,NL,Zuidoost-Drenthe,Zuidoost-Drenthe
NL133,NL,Zuidwest-Drenthe,Zuidwest-Drenthe
NL211,NL,Noord-Overijssel,Noord-Overijssel
PT16J,PT,Beiras e Serra da Estrela,Beiras e Serra da Estrela
PT170,PT,Área Metropolitana de Lisboa,Área Metropolitana de Lisboa
PT181,PT,Alentejo Litoral,Alentejo Litoral
PT184,PT,Baixo Alentejo,Baixo Alentejo
PT185,PT,Lezíria do Tejo,Lezíria do Tejo
PT186,PT,Alto Alentejo,Alto Alentejo
PT187,PT,Alentejo Central,Alentejo Central
PT200,PT,Região Autónoma dos Açores,Região Autónoma dos Açores
PT300,PT,Região Autónoma da Madeira,Região Autónoma da Madeira
RO111,RO,Bihor,Bihor
RO112,RO,Bistriţa-Năsăud,Bistriţa-Năsăud
RO113,RO,Cluj,Cluj
RO114,RO,Maramureş,Maramureş
AL03,AL,Jug,Jug
AT11,AT,Burgenland,Burgenland
AT12,AT,Niederösterreich,Niederösterreich
AT13,AT,Wien,Wien
AT21,AT,Kärnten,Kärnten
AT22,AT,Steiermark,Steiermark
AT31,AT,Oberösterreich,Oberösterreich
AT32,AT,Salzburg,Salzburg
AT33,AT,Tirol,Tirol
AT34,AT,Vorarlberg,Vorarlberg
BE10,BE,Région de Bruxelles-Capitale/ Brussels Hoofdstedelijk Gewest,Région de Bruxelles-Capitale/ Brussels Hoofdstedelijk Gewest
BE21,BE,Prov. Antwerpen,Prov. Antwerpen
BE22,BE,Prov. Limburg (BE),Prov. Limburg (BE)
BE23,BE,Prov. Oost-Vlaanderen,Prov. Oost-Vlaanderen
BE24,BE,Prov. Vlaams-Brabant,Prov. Vlaams-Brabant
BE25,BE,Prov. West-Vlaanderen,Prov. West-Vlaanderen
ITH4,IT,Friuli-Venezia Giulia,Friuli-Venezia Giulia
ITH5,IT,Emilia-Romagna,Emilia-Romagna
ITI1,IT,Toscana,Toscana
ITI2,IT,Umbria,Umbria
BE35,BE,Prov. Namur,Prov. Namur
BG31,BG,Severozapaden,Северозападен
BG32,BG,Severen tsentralen,Северен централен
BG33,BG,Severoiztochen,Североизточен
BG34,BG,Yugoiztochen,Югоизточен
BG41,BG,Yugozapaden,Югозападен
BG42,BG,Yuzhen tsentralen,Южен централен
CH01,CH,Région lémanique,Région lémanique
CH02,CH,Espace Mittelland,Espace Mittelland
CH03,CH,Nordwestschweiz,Nordwestschweiz
CH04,CH,Zürich,Zürich
CH05,CH,Ostschweiz,Ostschweiz
CH06,CH,Zentralschweiz,Zentralschweiz
CH07,CH,Ticino,Ticino
CY00,CY,Kýpros,Κύπρος
CZ01,CZ,Praha,Praha
CZ02,CZ,Střední Čechy,Střední Čechy
CZ03,CZ,Jihozápad,Jihozápad
CZ04,CZ,Severozápad,Severozápad
CZ05,CZ,Severovýchod,Severovýchod
CZ06,CZ,Jihovýchod,Jihovýchod
CZ07,CZ,Střední Morava,Střední Morava
CZ08,CZ,Moravskoslezsko,Moravskoslezsko
DE11,DE,Stuttgart,Stuttgart
DE12,DE,Karlsruhe,Karlsruhe
DE13,DE,Freiburg,Freiburg
DE14,DE,Tübingen,Tübingen
RO322,RO,Ilfov,Ilfov
RO411,RO,Dolj,Dolj
RO412,RO,Gorj,Gorj
RO413,RO,Mehedinţi,Mehedinţi
DE21,DE,Oberbayern,Oberbayern
DE22,DE,Niederbayern,Niederbayern
DE23,DE,Oberpfalz,Oberpfalz
DE24,DE,Oberfranken,Oberfranken
DE25,DE,Mittelfranken,Mittelfranken
DE26,DE,Unterfranken,Unterfranken
DE27,DE,Schwaben,Schwaben
DE30,DE,Berlin,Berlin
DE40,DE,Brandenburg,Brandenburg
DE50,DE,Bremen,Bremen
DE60,DE,Hamburg,Hamburg
DE71,DE,Darmstadt,Darmstadt
DE72,DE,Gießen,Gießen
DE73,DE,Kassel,Kassel
DE80,DE,Mecklenburg-Vorpommern,Mecklenburg-Vorpommern
DE91,DE,Braunschweig,Braunschweig
DE92,DE,Hannover,Hannover
DE93,DE,Lüneburg,Lüneburg
DE94,DE,Weser-Ems,Weser-Ems
DEA1,DE,Düsseldorf,Düsseldorf
DEA2,DE,Köln,Köln
DEA3,DE,Münster,Münster
DEA4,DE,Detmold,Detmold
DEA5,DE,Arnsberg,Arnsberg
TRA23,TR,Iğdır,Iğdır
TRA24,TR,Ardahan,Ardahan
TRB11,TR,Malatya,Malatya
TRB12,TR,Elazığ,Elazığ
TRB13,TR,Bingöl,Bingöl
TRB14,TR,Tunceli,Tunceli
TRB21,TR,Van,Van
TRB22,TR,Muş,Muş
TRB23,TR,Bitlis,Bitlis
TRB24,TR,Hakkari,Hakkari
TRC11,TR,Gaziantep,Gaziantep
TRC12,TR,Adıyaman,Adıyaman
TRC13,TR,Kilis,Kilis
TRC21,TR,Şanlıurfa,Şanlıurfa
TRC22,TR,Diyarbakır,Diyarbakır
FRG0,FR,Pays de la Loire,Pays de la Loire
FRH0,FR,Bretagne,Bretagne
TRC34,TR,Siirt,Siirt
UKC11,UK,Hartlepool and Stockton-on-Tees,Hartlepool and Stockton-on-Tees
UKC12,UK,South Teesside,South Teesside
UKC13,UK,Darlington,Darlington
UKC14,UK,Durham CC,Durham CC
UKC21,UK,Northumberland,Northumberland
UKC22,UK,Tyneside,Tyneside
UKC23,UK,Sunderland,Sunderland
UKD11,UK,West Cumbria,West Cumbria
UKD12,UK,East Cumbria,East Cumbria
UKD33,UK,Manchester,Manchester
UKD34,UK,Greater Manchester South West,Greater Manchester South West
UKD35,UK,Greater Manchester South East,Greater Manchester South East
UKD36,UK,Greater Manchester North West,Greater Manchester North West
UKD37,UK,Greater Manchester North East,Greater Manchester North East
UKD41,UK,Blackburn with Darwen,Blackburn with Darwen
UKD42,UK,Blackpool,Blackpool
UKD44,UK,Lancaster and Wyre,Lancaster and Wyre
UKD45,UK,Mid Lancashire,Mid Lancashire
UKD46,UK,East Lancashire,East Lancashire
UKD47,UK,Chorley and West Lancashire,Chorley and West Lancashire
UKD61,UK,Warrington,Warrington
UKD62,UK,Cheshire East,Cheshire East
UKD63,UK,Cheshire West and Chester,Cheshire West and Chester
UKD71,UK,East Merseyside,East Merseyside
UKD72,UK,Liverpool,Liverpool
UKD73,UK,Sefton,Sefton
UKD74,UK,Wirral,Wirral
UKE11,UK,"Kingston upon Hull, City of","Kingston upon Hull, City of"
UKE12,UK,East Riding of Yorkshire,East Riding of Yorkshire
UKE13,UK,North and North East Lincolnshire,North and North East Lincolnshire
UKE21,UK,York,York
UKE22,UK,North Yorkshire CC,North Yorkshire CC
UKE31,UK,"Barnsley, Doncaster and Rotherham","Barnsley, Doncaster and Rotherham"
UKE32,UK,Sheffield,Sheffield
UKE41,UK,Bradford,Bradford
UKE42,UK,Leeds,Leeds
UKE44,UK,Calderdale and Kirklees,Calderdale and Kirklees
UKE45,UK,Wakefield,Wakefield
UKF11,UK,Derby,Derby
UKF12,UK,East Derbyshire,East Derbyshire
UKF13,UK,South and West Derbyshire,South and West Derbyshire
UKF14,UK,Nottingham,Nottingham
UKF15,UK,North Nottinghamshire,North Nottinghamshire
UKF16,UK,South Nottinghamshire,South Nottinghamshire
UKF21,UK,Leicester,Leicester
UKF22,UK,Leicestershire CC and Rutland,Leicestershire CC and Rutland
UKF24,UK,West Northamptonshire,West Northamptonshire
UKF25,UK,North Northamptonshire,North Northamptonshire
UKF30,UK,Lincolnshire,Lincolnshire
UKG11,UK,"Herefordshire, County of","Herefordshire, County of"
UKG12,UK,Worcestershire,Worcestershire
UKG13,UK,Warwickshire,Warwickshire
UKG21,UK,Telford and Wrekin,Telford and Wrekin
UKG22,UK,Shropshire CC,Shropshire CC
UKG23,UK,Stoke-on-Trent,Stoke-on-Trent
UKG24,UK,Staffordshire CC,Staffordshire CC
UKG31,UK,Birmingham,Birmingham
UKG32,UK,Solihull,Solihull
UKG33,UK,Coventry,Coventry
UKG36,UK,Dudley,Dudley
UKG37,UK,Sandwell,Sandwell
UKG38,UK,Walsall,Walsall
UKG39,UK,Wolverhampton,Wolverhampton
UKH11,UK,Peterborough,Peterborough
UKH12,UK,Cambridgeshire CC,Cambridgeshire CC
UKH14,UK,Suffolk,Suffolk
UKH15,UK,Norwich and East Norfolk,Norwich and East Norfolk
UKH16,UK,North and West Norfolk,North and West Norfolk
UKH17,UK,Breckland and South Norfolk,Breckland and South Norfolk
UKH21,UK,Luton,Luton
UKH23,UK,Hertfordshire,Hertfordshire
UKH24,UK,Bedford,Bedford
PL21,PL,Małopolskie,Małopolskie
PL22,PL,Śląskie,Śląskie
PL41,PL,Wielkopolskie,Wielkopolskie
PL42,PL,Zachodniopomorskie,Zachodniopomorskie
PL43,PL,Lubuskie,Lubuskie
PL51,PL,Dolnośląskie,Dolnośląskie
PL52,PL,Opolskie,Opolskie
PL61,PL,Kujawsko-pomorskie,Kujawsko-pomorskie
PL62,PL,Warmińsko-mazurskie,Warmińsko-mazurskie
UKI42,UK,Tower Hamlets,Tower Hamlets
UKI43,UK,Haringey and Islington,Haringey and Islington
UKI44,UK,Lewisham and Southwark,Lewisham and Southwark
UKI45,UK,Lambeth,Lambeth
UKI51,UK,Bexley and Greenwich,Bexley and Greenwich
UKI52,UK,Barking & Dagenham and Havering,Barking & Dagenham and Havering
UKI53,UK,Redbridge and Waltham Forest,Redbridge and Waltham Forest
UKI54,UK,Enfield,Enfield
UKI61,UK,Bromley,Bromley
UKI62,UK,Croydon,Croydon
UKI63,UK,"Merton, Kingston upon Thames and Sutton","Merton, Kingston upon Thames and Sutton"
UKI71,UK,Barnet,Barnet
UKI72,UK,Brent,Brent
UKI73,UK,Ealing,Ealing
UKI74,UK,Harrow and Hillingdon,Harrow and Hillingdon
UKI75,UK,Hounslow and Richmond upon Thames,Hounslow and Richmond upon Thames
UKJ11,UK,Berkshire,Berkshire
UKJ12,UK,Milton Keynes,Milton Keynes
UKJ13,UK,Buckinghamshire CC,Buckinghamshire CC
UKJ14,UK,Oxfordshire,Oxfordshire
UKJ21,UK,Brighton and Hove,Brighton and Hove
UKJ22,UK,East Sussex CC,East Sussex CC
UKJ25,UK,West Surrey,West Surrey
UKJ26,UK,East Surrey,East Surrey
UKJ27,UK,West Sussex (South West),West Sussex (South West)
UKJ28,UK,West Sussex (North East),West Sussex (North East)
UKJ31,UK,Portsmouth,Portsmouth
UKJ32,UK,Southampton,Southampton
UKJ34,UK,Isle of Wight,Isle of Wight
UKJ35,UK,South Hampshire,South Hampshire
UKJ36,UK,Central Hampshire,Central Hampshire
UKJ37,UK,North Hampshire,North Hampshire
UKJ41,UK,Medway,Medway
UKJ43,UK,Kent Thames Gateway,Kent Thames Gateway
UKJ44,UK,East Kent,East Kent
UKJ45,UK,Mid Kent,Mid Kent
UKJ46,UK,West Kent,West Kent
UKK11,UK,"Bristol, City of","Bristol, City of"
UKK12,UK,"Bath and North East Somerset, North Somerset and South Gloucestershire","Bath and North East Somerset, North Somerset and South Gloucestershire"
UKK13,UK,Gloucestershire,Gloucestershire
UKK14,UK,Swindon,Swindon
UKK15,UK,Wiltshire CC,Wiltshire CC
UKK24,UK,"Bournemouth, Christchurch and Poole","Bournemouth, Christchurch and Poole"
UKK25,UK,Dorset,Dorset
UKK23,UK,Somerset,Somerset
UKK30,UK,Cornwall and Isles of Scilly,Cornwall and Isles of Scilly
UKK41,UK,Plymouth,Plymouth
UKK42,UK,Torbay,Torbay
UKK43,UK,Devon CC,Devon CC
UKL11,UK,Isle of Anglesey,Isle of Anglesey
UKL12,UK,Gwynedd,Gwynedd
UKL13,UK,Conwy and Denbighshire,Conwy and Denbighshire
UKL14,UK,South West Wales,South West Wales
UKL15,UK,Central Valleys,Central Valleys
UKL16,UK,Gwent Valleys,Gwent Valleys
UKL17,UK,Bridgend and Neath Port Talbot,Bridgend and Neath Port Talbot
UKL18,UK,Swansea,Swansea
UKL21,UK,Monmouthshire and Newport,Monmouthshire and Newport
UKL22,UK,Cardiff and Vale of Glamorgan,Cardiff and Vale of Glamorgan
UKL23,UK,Flintshire and Wrexham,Flintshire and Wrexham
UKL24,UK,Powys,Powys
UKM50,UK,Aberdeen City and Aberdeenshire,Aberdeen City and Aberdeenshire
UKM61,UK,Caithness & Sutherland and Ross & Cromarty,Caithness & Sutherland and Ross & Cromarty
UKM62,UK,"Inverness & Nairn and Moray, Badenoch & Strathspey","Inverness & Nairn and Moray, Badenoch & Strathspey"
UKM63,UK,"Lochaber, Skye & Lochalsh, Arran & Cumbrae and Argyll & Bute","Lochaber, Skye & Lochalsh, Arran & Cumbrae and Argyll & Bute"
UKM64,UK,Na h-Eileanan Siar (Western Isles),Na h-Eileanan Siar (Western Isles)
UKM65,UK,Orkney Islands,Orkney Islands
UKM66,UK,Shetland Islands,Shetland Islands
UKM71,UK,Angus and Dundee City,Angus and Dundee City
UKM72,UK,Clackmannanshire and Fife,Clackmannanshire and Fife
UKM73,UK,East Lothian and Midlothian,East Lothian and Midlothian
UKM75,UK,"Edinburgh, City of","Edinburgh, City of"
UKM76,UK,Falkirk,Falkirk
UKM77,UK,Perth & Kinross and Stirling,Perth & Kinross and Stirling
UKM78,UK,West Lothian,West Lothian
UKM81,UK,"East Dunbartonshire, West Dunbartonshire and Helensburgh & Lomond","East Dunbartonshire, West Dunbartonshire and Helensburgh & Lomond"
UKM82,UK,Glasgow City,Glasgow City
UKM83,UK,"Inverclyde, East Renfrewshire and Renfrewshire","Inverclyde, East Renfrewshire and Renfrewshire"
UKM84,UK,North Lanarkshire,North Lanarkshire
UKM91,UK,Scottish Borders,Scottish Borders
UKM92,UK,Dumfries & Galloway,Dumfries & Galloway
UKM93,UK,East Ayrshire and North Ayrshire mainland,East Ayrshire and North Ayrshire mainland
UKM94,UK,South Ayrshire,South Ayrshire
UKM95,UK,South Lanarkshire,South Lanarkshire
UKN06,UK,Belfast,Belfast
UKN07,UK,"Armagh City, Banbridge and Craigavon","Armagh City, Banbridge and Craigavon"
UKN08,UK,"Newry, Mourne and Down","Newry, Mourne and Down"
UKN09,UK,Ards and North Down,Ards and North Down
UKN0A,UK,Derry City and Strabane,Derry City and Strabane
UKN0B,UK,Mid Ulster,Mid Ulster
UKN0C,UK,Causeway Coast and Glens,Causeway Coast and Glens
UKN0D,UK,Antrim and Newtownabbey,Antrim and Newtownabbey
UKN0E,UK,Lisburn and Castlereagh,Lisburn and Castlereagh
UKN0F,UK,Mid and East Antrim,Mid and East Antrim
UKN0G,UK,Fermanagh and Omagh,Fermanagh and Omagh
AL01,AL,Veri,Veri
AL02,AL,Qender,Qender
NL23,NL,Flevoland,Flevoland
NL31,NL,Utrecht,Utrecht
NL32,NL,Noord-Holland,Noord-Holland
NL33,NL,Zuid-Holland,Zuid-Holland
NL34,NL,Zeeland,Zeeland
NL41,NL,Noord-Brabant,Noord-Brabant
NL42,NL,Limburg (NL),Limburg (NL)
CY0,CY,Kýpros,Κύπρος
CZ0,CZ,Česko,Česko
DE1,DE,Baden-Württemberg,Baden-Württemberg
DE2,DE,Bayern,Bayern
DE3,DE,Berlin,Berlin
DE4,DE,Brandenburg,Brandenburg
DE5,DE,Bremen,Bremen
DE6,DE,Hamburg,Hamburg
DE7,DE,Hessen,Hessen
DE8,DE,Mecklenburg-Vorpommern,Mecklenburg-Vorpommern
DE9,DE,Niedersachsen,Niedersachsen
DEA,DE,Nordrhein-Westfalen,Nordrhein-Westfalen
DEB,DE,Rheinland-Pfalz,Rheinland-Pfalz
IS00,IS,Ísland,Ísland
ITC1,IT,Piemonte,Piemonte
SE23,SE,Västsverige,Västsverige
SE31,SE,Norra Mellansverige,Norra Mellansverige
SE32,SE,Mellersta Norrland,Mellersta Norrland
SE33,SE,Övre Norrland,Övre Norrland
SI03,SI,Vzhodna Slovenija,Vzhodna Slovenija
SI04,SI,Zahodna Slovenija,Zahodna Slovenija
SK01,SK,Bratislavský kraj,Bratislavský kraj
SK02,SK,Západné Slovensko,Západné Slovensko
SK03,SK,Stredné Slovensko,Stredné Slovensko
SK04,SK,Východné Slovensko,Východné Slovensko
TR10,TR,İstanbul,İstanbul
TR21,TR,"Tekirdağ, Edirne, Kırklareli","Tekirdağ, Edirne, Kırklareli"
DEB1,DE,Koblenz,Koblenz
DEB2,DE,Trier,Trier
DEB3,DE,Rheinhessen-Pfalz,Rheinhessen-Pfalz
DEC0,DE,Saarland,Saarland
DED2,DE,Dresden,Dresden
DED4,DE,Chemnitz,Chemnitz
DED5,DE,Leipzig,Leipzig
DEE0,DE,Sachsen-Anhalt,Sachsen-Anhalt
DEF0,DE,Schleswig-Holstein,Schleswig-Holstein
DEG0,DE,Thüringen,Thüringen
DK01,DK,Hovedstaden,Hovedstaden
DK02,DK,Sjælland,Sjælland
PL63,PL,Pomorskie,Pomorskie
PL71,PL,Łódzkie,Łódzkie
PL72,PL,Świętokrzyskie,Świętokrzyskie
PL81,PL,Lubelskie,Lubelskie
PL82,PL,Podkarpackie,Podkarpackie
PL84,PL,Podlaskie,Podlaskie
PL91,PL,Warszawski stołeczny,Warszawski stołeczny
PL92,PL,Mazowiecki regionalny,Mazowiecki regionalny
PT11,PT,Norte,Norte
PT15,PT,Algarve,Algarve
PT16,PT,Centro (PT),Centro (PT)
PT17,PT,Área Metropolitana de Lisboa,Área Metropolitana de Lisboa
PT18,PT,Alentejo,Alentejo
PT20,PT,Região Autónoma dos Açores,Região Autónoma dos Açores
PT30,PT,Região Autónoma da Madeira,Região Autónoma da Madeira
TR22,TR,"Balıkesir, Çanakkale","Balıkesir, Çanakkale"
TR31,TR,İzmir,İzmir
TR32,TR,"Aydın, Denizli, Muğla","Aydın, Denizli, Muğla"
EL65,EL,Peloponnisos,Πελοπόννησος
ES11,ES,Galicia,Galicia
ES12,ES,Principado de Asturias,Principado de Asturias
ES13,ES,Cantabria,Cantabria
ES21,ES,País Vasco,País Vasco
ES22,ES,Comunidad Foral de Navarra,Comunidad Foral de Navarra
ES23,ES,La Rioja,La Rioja
ES24,ES,Aragón,Aragón
ES30,ES,Comunidad de Madrid,Comunidad de Madrid
ES41,ES,Castilla y León,Castilla y León
ES42,ES,Castilla-La Mancha,Castilla-La Mancha
ES43,ES,Extremadura,Extremadura
ES51,ES,Cataluña,Cataluña
ES52,ES,Comunitat Valenciana,Comunitat Valenciana
ES53,ES,Illes Balears,Illes Balears
ES61,ES,Andalucía,Andalucía
ES62,ES,Región de Murcia,Región de Murcia
ES63,ES,Ciudad de Ceuta,Ciudad de Ceuta
ES64,ES,Ciudad de Melilla,Ciudad de Melilla
ES70,ES,Canarias,Canarias
FI19,FI,Länsi-Suomi,Länsi-Suomi
FI1B,FI,Helsinki-Uusimaa,Helsinki-Uusimaa
FI1C,FI,Etelä-Suomi,Etelä-Suomi
FI1D,FI,Pohjois- ja Itä-Suomi,Pohjois- ja Itä-Suomi
FI20,FI,Åland,Åland
FR10,FR,Ile-de-France,Ile-de-France
FRB0,FR,Centre — Val de Loire,Centre — Val de Loire
FRC1,FR,Bourgogne,Bourgogne
FRC2,FR,Franche-Comté,Franche-Comté
FRD1,FR,Basse-Normandie,Basse-Normandie
FRD2,FR,Haute-Normandie,Haute-Normandie
FRE1,FR,Nord-Pas de Calais,Nord-Pas de Calais
FRE2,FR,Picardie,Picardie
FRF1,FR,Alsace,Alsace
FRF2,FR,Champagne-Ardenne,Champagne-Ardenne
FRF3,FR,Lorraine,Lorraine
UKK2,UK,Dorset and Somerset,Dorset and Somerset
UKK3,UK,Cornwall and Isles of Scilly,Cornwall and Isles of Scilly
UKK4,UK,Devon,Devon
UKL1,UK,West Wales and The Valleys,West Wales and The Valleys
ITC2,IT,Valle d’Aosta/Vallée d’Aoste,Valle d’Aosta/Vallée d’Aoste
ITC3,IT,Liguria,Liguria
ITC4,IT,Lombardia,Lombardia
ITF1,IT,Abruzzo,Abruzzo
ITF2,IT,Molise,Molise
ITF3,IT,Campania,Campania
ITF4,IT,Puglia,Puglia
ITF5,IT,Basilicata,Basilicata
ITF6,IT,Calabria,Calabria
ITG1,IT,Sicilia,Sicilia
ITG2,IT,Sardegna,Sardegna
ITH1,IT,Provincia Autonoma di Bolzano/Bozen,Provincia Autonoma di Bolzano/Bozen
ITH2,IT,Provincia Autonoma di Trento,Provincia Autonoma di Trento
ITH3,IT,Veneto,Veneto
HU1,HU,Közép-Magyarország,Közép-Magyarország
HU2,HU,Dunántúl,Dunántúl
HU3,HU,Alföld és Észak,Alföld és Észak
TR33,TR,"Manisa, Afyonkarahisar, Kütahya, Uşak","Manisa, Afyonkarahisar, Kütahya, Uşak"
TR41,TR,"Bursa, Eskişehir, Bilecik","Bursa, Eskişehir, Bilecik"
TR42,TR,"Kocaeli, Sakarya, Düzce, Bolu, Yalova","Kocaeli, Sakarya, Düzce, Bolu, Yalova"
TR51,TR,Ankara,Ankara
TR52,TR,"Konya, Karaman","Konya, Karaman"
TR61,TR,"Antalya, Isparta, Burdur","Antalya, Isparta, Burdur"
TR62,TR,"Adana, Mersin","Adana, Mersin"
TR63,TR,"Hatay, Kahramanmaraş, Osmaniye","Hatay, Kahramanmaraş, Osmaniye"
TR71,TR,"Kırıkkale, Aksaray, Niğde, Nevşehir, Kırşehir","Kırıkkale, Aksaray, Niğde, Nevşehir, Kırşehir"
TR72,TR,"Kayseri, Sivas, Yozgat","Kayseri, Sivas, Yozgat"
TR81,TR,"Zonguldak, Karabük, Bartın","Zonguldak, Karabük, Bartın"
TR82,TR,"Kastamonu, Çankırı, Sinop","Kastamonu, Çankırı, Sinop"
TR83,TR,"Samsun, Tokat, Çorum, Amasya","Samsun, Tokat, Çorum, Amasya"
TR90,TR,"Trabzon, Ordu, Giresun, Rize, Artvin, Gümüşhane","Trabzon, Ordu, Giresun, Rize, Artvin, Gümüşhane"
TRA1,TR,"Erzurum, Erzincan, Bayburt","Erzurum, Erzincan, Bayburt"
TRA2,TR,"Ağrı, Kars, Iğdır, Ardahan","Ağrı, Kars, Iğdır, Ardahan"
TRB1,TR,"Malatya, Elazığ, Bingöl, Tunceli","Malatya, Elazığ, Bingöl, Tunceli"
TRB2,TR,"Van, Muş, Bitlis, Hakkari","Van, Muş, Bitlis, Hakkari"
TRC1,TR,"Gaziantep, Adıyaman, Kilis","Gaziantep, Adıyaman, Kilis"
TRC2,TR,"Şanlıurfa, Diyarbakır","Şanlıurfa, Diyarbakır"
TRC3,TR,"Mardin, Batman, Şırnak, Siirt","Mardin, Batman, Şırnak, Siirt"
UKC1,UK,Tees Valley and Durham,Tees Valley and Durham
UKC2,UK,Northumberland and Tyne and Wear,Northumberland and Tyne and Wear
UKD1,UK,Cumbria,Cumbria
UKD3,UK,Greater Manchester,Greater Manchester
UKD4,UK,Lancashire,Lancashire
RO11,RO,Nord-Vest,Nord-Vest
RO12,RO,Centru,Centru
RO21,RO,Nord-Est,Nord-Est
RO22,RO,Sud-Est,Sud-Est
RO31,RO,Sud-Muntenia,Sud-Muntenia
RO32,RO,Bucureşti-Ilfov,Bucureşti-Ilfov
RO41,RO,Sud-Vest Oltenia,Sud-Vest Oltenia
RO42,RO,Vest,Vest
RS11,RS,City of Belgrade,Београдски регион
RS12,RS,Autonomous Province of Vojvodina,Регион Војводине
RS21,RS,Region Šumadije i Zapadne Srbije,Регион Шумадије и Западне Србије
RS22,RS,Region Južne i Istočne Srbije,Регион Јужне и Источне Србије
SE11,SE,Stockholm,Stockholm
SE12,SE,Östra Mellansverige,Östra Mellansverige
SE21,SE,Småland med öarna,Småland med öarna
SE22,SE,Sydsverige,Sydsverige
FRI1,FR,Aquitaine,Aquitaine
FRI2,FR,Limousin,Limousin
FRI3,FR,Poitou-Charentes,Poitou-Charentes
FRJ1,FR,Languedoc-Roussillon,Languedoc-Roussillon
FRJ2,FR,Midi-Pyrénées,Midi-Pyrénées
FRK1,FR,Auvergne,Auvergne
FRK2,FR,Rhône-Alpes,Rhône-Alpes
FRL0,FR,Provence-Alpes-Côte d’Azur,Provence-Alpes-Côte d’Azur
FRM0,FR,Corse,Corse
FRY1,FR,Guadeloupe,Guadeloupe
FRY2,FR,Martinique,Martinique
FRY3,FR,Guyane,Guyane
FRY4,FR,La Réunion,La Réunion
FRY5,FR,Mayotte,Mayotte
HR03,HR,Jadranska Hrvatska,Jadranska Hrvatska
HR02,HR,Panonska Hrvatska,Panonska Hrvatska
HU11,HU,Budapest,Budapest
HU12,HU,Pest,Pest
HU21,HU,Közép-Dunántúl,Közép-Dunántúl
HU22,HU,Nyugat-Dunántúl,Nyugat-Dunántúl
HU23,HU,Dél-Dunántúl,Dél-Dunántúl
HU31,HU,Észak-Magyarország,Észak-Magyarország
HU32,HU,Észak-Alföld,Észak-Alföld
HU33,HU,Dél-Alföld,Dél-Alföld
IE04,IE,Northern and Western,Northern and Western
IE05,IE,Southern,Southern
IE06,IE,Eastern and Midland,Eastern and Midland
DK03,DK,Syddanmark,Syddanmark
DK04,DK,Midtjylland,Midtjylland
DK05,DK,Nordjylland,Nordjylland
EE00,EE,Eesti,Eesti
EL30,EL,Attiki,Aττική
EL41,EL,Voreio Aigaio,Βόρειο Αιγαίο
EL42,EL,Notio Aigaio,Νότιο Αιγαίο
EL43,EL,Kriti,Κρήτη
EL51,EL,"Anatoliki Makedonia, Thraki","Aνατολική Μακεδονία, Θράκη"
EL52,EL,Kentriki Makedonia,Κεντρική Μακεδονία
EL53,EL,Dytiki Makedonia,Δυτική Μακεδονία
EL54,EL,Ipeiros,Ήπειρος
EL61,EL,Thessalia,Θεσσαλία
EL62,EL,Ionia Nisia,Ιόνια Νησιά
EL63,EL,Dytiki Elláda,Δυτική Ελλάδα
EL64,EL,Sterea Elláda,Στερεά Ελλάδα
ITI3,IT,Marche,Marche
ITI4,IT,Lazio,Lazio
LI00,LI,Liechtenstein,Liechtenstein
LT01,LT,Sostinės regionas,Sostinės regionas
LT02,LT,Vidurio ir vakarų Lietuvos regionas,Vidurio ir vakarų Lietuvos regionas
LU00,LU,Luxembourg,Luxembourg
LV00,LV,Latvija,Latvija
ME00,ME,Crna Gora,Црна Гора
MK00,MK,Severna Makedonija,Северна Македонија
MT00,MT,Malta,Malta
NL11,NL,Groningen,Groningen
NL12,NL,Friesland (NL),Friesland (NL)
NL13,NL,Drenthe,Drenthe
NL21,NL,Overijssel,Overijssel
NL22,NL,Gelderland,Gelderland
IE0,IE,Ireland,Ireland
IS0,IS,Ísland,Ísland
ITC,IT,Nord-Ovest,Nord-Ovest
ITF,IT,Sud,Sud
ITG,IT,Isole,Isole
ITH,IT,Nord-Est,Nord-Est
ITI,IT,Centro (IT),Centro (IT)
LI0,LI,Liechtenstein,Liechtenstein
LT0,LT,Lietuva,Lietuva
LU0,LU,Luxembourg,Luxembourg
LV0,LV,Latvija,Latvija
ME0,ME,Crna Gora,Црна Гора
MK0,MK,Severna Makedonija,Северна Македонија
MT0,MT,Malta,Malta
NL1,NL,Noord-Nederland,Noord-Nederland
NL2,NL,Oost-Nederland,Oost-Nederland
NL3,NL,West-Nederland,West-Nederland
NL4,NL,Zuid-Nederland,Zuid-Nederland
RS,RS,Serbia,Srbija/Сpбија
NO0,NO,Norge,Norge
PL2,PL,Makroregion południowy,Makroregion południowy
PL4,PL,Makroregion północno-zachodni,Makroregion północno-zachodni
PL5,PL,Makroregion południowo-zachodni,Makroregion południowo-zachodni
PL6,PL,Makroregion północny,Makroregion północny
PL7,PL,Makroregion centralny,Makroregion centralny
PL8,PL,Makroregion wschodni,Makroregion wschodni
PL9,PL,Makroregion województwo mazowieckie,Makroregion województwo mazowieckie
PT1,PT,Continente,Continente
PT2,PT,Região Autónoma dos Açores,Região Autónoma dos Açores
PT3,PT,Região Autónoma da Madeira,Região Autónoma da Madeira
RO1,RO,Macroregiunea Unu,Macroregiunea Unu
RO2,RO,Macroregiunea Doi,Macroregiunea Doi
RO3,RO,Macroregiunea Trei,Macroregiunea Trei
RO4,RO,Macroregiunea Patru,Macroregiunea Patru
RS1,RS,Serbia - sever,Србија - север
RS2,RS,Serbia - jug,Србија - југ
SE1,SE,Östra Sverige,Östra Sverige
UKD6,UK,Cheshire,Cheshire
UKD7,UK,Merseyside,Merseyside
UKE1,UK,East Yorkshire and Northern Lincolnshire,East Yorkshire and Northern Lincolnshire
UKE2,UK,North Yorkshire,North Yorkshire
UKE3,UK,South Yorkshire,South Yorkshire
UKE4,UK,West Yorkshire,West Yorkshire
UKF1,UK,Derbyshire and Nottinghamshire,Derbyshire and Nottinghamshire
UKF2,UK,"Leicestershire, Rutland and Northamptonshire","Leicestershire, Rutland and Northamptonshire"
UKF3,UK,Lincolnshire,Lincolnshire
UKG1,UK,"Herefordshire, Worcestershire and Warwickshire","Herefordshire, Worcestershire and Warwickshire"
UKG2,UK,Shropshire and Staffordshire,Shropshire and Staffordshire
UKG3,UK,West Midlands,West Midlands
UKH1,UK,East Anglia,East Anglia
UKH2,UK,Bedfordshire and Hertfordshire,Bedfordshire and Hertfordshire
UKH3,UK,Essex,Essex
UKI3,UK,Inner London — West,Inner London — West
UKI4,UK,Inner London — East,Inner London — East
UKI5,UK,Outer London — East and North East,Outer London — East and North East
UKI6,UK,Outer London — South,Outer London — South
UKI7,UK,Outer London — West and North West,Outer London — West and North West
UKJ1,UK,"Berkshire, Buckinghamshire and Oxfordshire","Berkshire, Buckinghamshire and Oxfordshire"
UKJ2,UK,"Surrey, East and West Sussex","Surrey, East and West Sussex"
UKJ3,UK,Hampshire and Isle of Wight,Hampshire and Isle of Wight
UKJ4,UK,Kent,Kent
UKK1,UK,"Gloucestershire, Wiltshire and Bristol/Bath area","Gloucestershire, Wiltshire and Bristol/Bath area"
DK,DK,Danmark,Danmark
UKL2,UK,East Wales,East Wales
UKM5,UK,North Eastern Scotland,North Eastern Scotland
UKM6,UK,Highlands and Islands,Highlands and Islands
UKM7,UK,Eastern Scotland,Eastern Scotland
UKM8,UK,West Central Scotland,West Central Scotland
UKM9,UK,Southern Scotland,Southern Scotland
UKN0,UK,Northern Ireland,Northern Ireland
AL0,AL,Shqipëria,Shqipëria
AT1,AT,Ostösterreich,Ostösterreich
AT2,AT,Südösterreich,Südösterreich
AT3,AT,Westösterreich,Westösterreich
BE1,BE,Région de Bruxelles-Capitale/Brussels Hoofdstedelijk Gewest,Région de Bruxelles-Capitale/Brussels Hoofdstedelijk Gewest
BE2,BE,Vlaams Gewest,Vlaams Gewest
BE3,BE,Région wallonne,Région wallonne
BG3,BG,Severna i Yugoiztochna Bulgaria,Северна и Югоизточна България
BG4,BG,Yugozapadna i Yuzhna tsentralna Bulgaria,Югозападна и Южна централна България
CH0,CH,Schweiz/Suisse/Svizzera,Schweiz/Suisse/Svizzera
SI0,SI,Slovenija,Slovenija
SK0,SK,Slovensko,Slovensko
TR1,TR,İstanbul,İstanbul
TR2,TR,Batı Marmara,Batı Marmara
TR3,TR,Ege,Ege
TR4,TR,Doğu Marmara,Doğu Marmara
TR5,TR,Batı Anadolu,Batı Anadolu
TR6,TR,Akdeniz,Akdeniz
TR7,TR,Orta Anadolu,Orta Anadolu
TR8,TR,Batı Karadeniz,Batı Karadeniz
TR9,TR,Doğu Karadeniz,Doğu Karadeniz
TRA,TR,Kuzeydoğu Anadolu,Kuzeydoğu Anadolu
TRB,TR,Ortadoğu Anadolu,Ortadoğu Anadolu
TRC,TR,Güneydoğu Anadolu,Güneydoğu Anadolu
UKC,UK,North East (England),North East (England)
UKD,UK,North West (England),North West (England)
UKE,UK,Yorkshire and the Humber,Yorkshire and the Humber
UKF,UK,East Midlands (England),East Midlands (England)
DEC,DE,Saarland,Saarland
DED,DE,Sachsen,Sachsen
DEE,DE,Sachsen-Anhalt,Sachsen-Anhalt
DEF,DE,Schleswig-Holstein,Schleswig-Holstein
DEG,DE,Thüringen,Thüringen
DK0,DK,Danmark,Danmark
EE0,EE,Eesti,Eesti
EL3,EL,Attiki,Αττική
EL4,EL,"Nisia Aigaiou, Kriti","Νησιά Αιγαίου, Κρήτη"
EL5,EL,Voreia Elláda,Βόρεια Ελλάδα
EL6,EL,Kentriki Elláda,Κεντρική Ελλάδα
ES1,ES,Noroeste,Noroeste
ES2,ES,Noreste,Noreste
ES3,ES,Comunidad de Madrid,Comunidad de Madrid
ES4,ES,Centro (ES),Centro (ES)
ES5,ES,Este,Este
ES6,ES,Sur,Sur
ES7,ES,Canarias,Canarias
FI1,FI,Manner-Suomi,Manner-Suomi
FI2,FI,Åland,Åland
FR1,FR,Ile-de-France,Ile-de-France
FRB,FR,Centre — Val de Loire,Centre — Val de Loire
FRC,FR,Bourgogne-Franche-Comté,Bourgogne-Franche-Comté
FRD,FR,Normandie,Normandie
FRE,FR,Hauts-de-France,Hauts-de-France
FRF,FR,Grand Est,Grand Est
FRG,FR,Pays de la Loire,Pays de la Loire
FRH,FR,Bretagne,Bretagne
FRI,FR,Nouvelle-Aquitaine,Nouvelle-Aquitaine
FRJ,FR,Occitanie,Occitanie
FRK,FR,Auvergne-Rhône-Alpes,Auvergne-Rhône-Alpes
FRL,FR,Provence-Alpes-Côte d’Azur,Provence-Alpes-Côte d’Azur
FRM,FR,Corse,Corse
FRY,FR,RUP FR — Régions Ultrapériphériques Françaises,RUP FR — Régions Ultrapériphériques Françaises
HR0,HR,Hrvatska,Hrvatska
TR,TR,Türkiye,Türkiye
UK,UK,United Kingdom,United Kingdom
SE2,SE,Södra Sverige,Södra Sverige
SE3,SE,Norra Sverige,Norra Sverige
BE329,BE,Arr. La Louvière,Arr. La Louvière
ITG2F,IT,Cagliari,Cagliari
HR05,HR,Grad Zagreb,Grad Zagreb
HR06,HR,Sjeverna Hrvatska,Sjeverna Hrvatska
NO02,NO,Innlandet,Innlandet
NO06,NO,Trøndelag,Trøndelag
DE,DE,Deutschland,Deutschland
NO07,NO,Nord-Norge,Nord-Norge
NO08,NO,Oslo og Viken,Oslo og Viken
NO09,NO,Agder og Sør-Østlandet,Agder og Sør-Østlandet
NO0A,NO,Vestlandet,Vestlandet
UKG,UK,West Midlands (England),West Midlands (England)
UKH,UK,East of England,East of England
NL,NL,Nederland,Nederland
NO,NO,Norge,Norge
PL,PL,Polska,Polska
PT,PT,Portugal,Portugal
RO,RO,România,România
UKI,UK,London,London
UKJ,UK,South East (England),South East (England)
UKK,UK,South West (England),South West (England)
UKL,UK,Wales,Wales
UKM,UK,Scotland,Scotland
UKN,UK,Northern Ireland,Northern Ireland
AL,AL,Shqipëria,Shqipëria
AT,AT,Österreich,Österreich
BE,BE,Belgique/België,Belgique/België
BG,BG,Bulgaria,България 
CH,CH,Schweiz/Suisse/Svizzera,Schweiz/Suisse/Svizzera
CY,CY,Kýpros,Κύπρος 
CZ,CZ,Česko,Česko
EE,EE,Eesti,Eesti
EL,EL,Elláda,Ελλάδα 
ES,ES,España,España
FI,FI,Suomi/Finland,Suomi/Finland
FR,FR,France,France
HR,HR,Hrvatska,Hrvatska
HU,HU,Magyarország,Magyarország
IE,IE,Éire/Ireland,Éire/Ireland
IS,IS,Ísland,Ísland
IT,IT,Italia,Italia
LI,LI,Liechtenstein,Liechtenstein
LT,LT,Lietuva,Lietuva
LU,LU,Luxembourg,Luxembourg
LV,LV,Latvija,Latvija
ME,ME,Crna Gora,Црна Гора
MK,MK,Severna Makedonija,Северна Македонија
MT,MT,Malta,Malta
SE,SE,Sverige,Sverige
SI,SI,Slovenija,Slovenija
SK,SK,Slovensko,Slovensko
